DIPPR ID,Cp_liq_298K,smiles
3,,CCC
4,,CC(C)C
5,,CCCC
6,,CC1CCCC(C)(C)C1
7,,CCCCC
8,,CCC(C)C
11,,CCCCCC
12,,CCCC(C)C
13,,CCC(C)CC
14,,CCC(C)(C)C
15,,CC(C)C(C)C
17,,CCCCCCC
18,,CCCCC(C)C
19,,CCCC(C)CC
20,,CCC(CC)CC
21,,CCCC(C)(C)C
22,,CCC(C)C(C)C
23,,CC(C)CC(C)C
24,,CCC(C)(C)CC
25,,CC(C)C(C)(C)C
27,,CCCCCCCC
28,,CCCCCC(C)C
29,,CCCCC(C)CC
30,,CCCC(C)CCC
31,,CCCC(CC)CC
32,,CCCCC(C)(C)C
33,,CCCC(C)C(C)C
34,,CCC(C)CC(C)C
35,,CC(C)CCC(C)C
36,,CCCC(C)(C)CC
37,,CCC(C)C(C)CC
38,,CCC(CC)C(C)C
39,,CCC(C)(CC)CC
40,,CCC(C)C(C)(C)C
41,,CC(C)CC(C)(C)C
42,,CCC(C)(C)C(C)C
43,,CC(C)C(C)C(C)C
46,,CCCCCCCCC
47,,CC(C)CCC(C)(C)C
48,,CCC(C)CC(C)(C)CC
49,,CCC(C)(C)CC(C)C
50,,CCC(CC)(CC)CC
51,,CCC(C)(C)C(C)(C)C
52,,CC(C)C(C)C(C)(C)C
53,,CC(C)(C)CC(C)(C)C
54,,CC(C)C(C)(C)C(C)C
56,,CCCCCCCCCC
57,,CCCC(C)(C)C(C)(C)C
58,,CC(C)(C)CCC(C)(C)C
61,,CC(C)CC1CCCCC1
62,,CC(C)(C)C1CCCCC1
63,,CCCCCCCCCCC
64,,CCCCCCCCCCCC
65,,CCCCCCCCCCCCC
66,,CCCCCCCCCCCCCC
67,,CCCCCCCCCCCCCCC
68,,CCCCCCCCCCCCCCCC
69,,CCCCCCCCCCCCCCCCC
72,,CCCCCCC(C)(C)C
85,,CCCCCCC(C)CC
86,,CCCCCCCC(C)C
87,,CCCCCC(C)CCC
88,,CCCCC(C)CCCC
90,,CC(CC(C)(C)C)CC(C)(C)CC(C)(C)C
91,,CCCCCCC(C)C
92,,CCCCCC(C)CC
93,,CCCCC(C)CCC
94,,CCCCC(CC)CC
96,,CCCCCC(C)(C)C
97,,CCCCCCCC(C)CC
98,,CCCCCCCCCC(C)CC
99,,CCCCCCCCCCC(C)CC
100,,CCCCCCCCC(C)CC
101,,C1CC1
102,,C1CCC1
104,,C1CCCC1
105,,CC1CCCC1
107,,CCC1CCCC1
108,,CC1(C)CCCC1
109,,C[C@H]1CCC[C@H]1C
110,,C[C@@H]1CCC[C@H]1C
111,,C[C@H]1CC[C@@H](C)C1
112,,C[C@@H]1CC[C@@H](C)C1
114,,CCCC1CCCC1
115,,CC(C)C1CCCC1
117,,CC1CCC(C)C1C
118,,CC1CCC(C)(C)C1
119,,CC1CC(C)C(C)C1
120,,CC1CCCC1(C)C
122,,CCCCC1CCCC1
127,,CCCCCC1CCCCC1
128,,CCCCCCCCC(C)C
129,,CCCCCCCCCC(C)C
130,,CCCCCCCCCCC(C)C
131,,CCCCCCCCCC(CC)CC
132,,CCCCCCCCCCCC(C)C
133,,CCCCCC[C@H]1CCC2CCCCC2C1
137,,C1CCCCC1
138,,CC1CCCCC1
140,,CCC1CCCCC1
141,,CC1(C)CCCCC1
142,,C[C@H]1CCCC[C@H]1C
143,,C[C@@H]1CCCC[C@H]1C
144,,C[C@H]1CCC[C@@H](C)C1
145,,C[C@@H]1CCC[C@@H](C)C1
146,,C[C@H]1CC[C@@H](C)CC1
147,,C[C@H]1CC[C@H](C)CC1
148,,C[C@H]1C[C@H](C)C[C@@H](C)C1
149,,CCCC1CCCCC1
150,,CC(C)C1CCCCC1
151,,CC1CCC(C)C(C)C1C
152,,CCCCC1CCCCC1
153,,C1CC[C@H]2CCCC[C@H]2C1
154,,C1CC[C@H]2CCCC[C@@H]2C1
155,,C1CCC(C2CCCCC2)CC1
156,,CCC1(CC)CCCCC1
158,,CCCCCCCCCCC1CCCCC1
159,,C1CCCCCC1
160,,C1CCCCCCC1
161,,CCC1CCC(CC)CC1
162,,CCCCC(C)C(C)C
163,,CCCCCCC(C)C(C)C
164,,CCCCCCCC(C)C(C)C
165,,CCCCCCCCC(C)C(C)C
166,,CCCCCCCCCC(C)C(C)C
176,,CC(C)CCCC(C)C
190,,CCC(CC)C(C)(C)C
192,,CCC(C(C)C)C(C)C
202,,C=CC
204,,C=CCC
205,,C/C=C\C
207,,C=C(C)C
208,,C/C(=C\C(C)(C)C)CC(C)(C)C
209,,C=CCCC
210,,C/C=C\CC
211,,C/C=C/CC
212,,C=C(C)CC
213,,C=CC(C)C
214,,CC=C(C)C
216,,C=CCCCC
217,,C/C=C\CCC
218,,C/C=C/CCC
219,,CC/C=C\CC
220,,CC/C=C/CC
221,,C=C(C)CCC
222,,C=CC(C)CC
223,,C=CCC(C)C
224,,CCC=C(C)C
225,,C/C=C(/C)CC
226,,C=CCC(C)CC
227,,C/C=C\C(C)C
228,,C/C=C/C(C)C
229,,C=C(CC)CC
230,,C=C(C)C(C)C
231,,C=CC(C)(C)C
232,,CC(C)=C(C)C
233,,C=C(CC)CCC
234,,C=CCCCCC
235,,C/C=C\CCCC
236,,C/C=C/CCCC
237,,CC/C=C/CCC
239,,C=CC(CC)CC
241,,C=CC(CC)CCC
242,,C=CCC(C)CCC
244,,C/C=C\CCCCCC
245,,C/C=C/CCCCCC
246,,C=CC1CCCCC1
247,,CCC1=CCCCC1
248,,C=C(C)C(C)(C)C
249,,CC/C=C\CCC
250,,C=CCCCCCC
251,,C/C=C/CCCCC
256,,C=C(C)CC(C)(C)C
257,,CC(C)=CC(C)(C)C
258,,C=C(CC)CCCC
259,,C=CCCCCCCC
260,,C=CCCCCCCCC
261,,C=CCCCCCCCCC
262,,C=CCCCCCCCCCC
263,,C=CCCCCCCCCCCC
264,,C=CCCCCCCCCCCCC
265,,C=CCCCCCCCCCCCCC
266,,C=CCCCCCCCCCCCCCC
267,,C=CCCCCCCCCCCCCCCCC
268,,C=CCCCC(C)C
269,,C1=CCCC1
270,,C1=CCCCC1
271,,C/C=C/CCCCCCCCCCCCCCCCC
272,,C/C=C/CCCCCCCCCCCC
276,,C/C=C\CCCCC
277,,CC/C=C/CCCC
279,,CCC/C=C/CCC
281,,C=CCCCCCCCCCCCCCCC
283,,C=CCCCCCCCCCCCCCCCCC
285,,C=CC1CC=CCC1
286,,CC1=CCCC1
287,,CC1C=CCC1
288,,CC1CC=CC1
289,,C=C(C)C(C)CCC
290,,C=C(C)C1CC=C(C)CC1
291,,CC1=CCC(=C(C)C)CC1
292,,C=CCC1=CCCCC1
303,,C=CC=C
304,,C=C=CCC
305,,C=C/C=C\C
306,,C=C/C=C/C
307,,C=CCC=C
308,,CC=C=CC
309,,C=CC(=C)C
311,,C=C=C(C)C
313,,C=CCC=CC
315,,C1=CCC=C1
317,,CC1=CCC(C(C)C)C=C1
318,,C=C1C=CC(C(C)C)CC1
321,,C=CC(C)C=C
322,,C1=CCCC=CCCC=CCC1
331,,C1=CCCC=C1
332,,C1=CCC=CC1
333,,C1=CCCC=CCC1
340,,C=C/C=C/CC
341,,C=C(C)/C=C/C
342,,C=CCCCCCCC=C
343,,C1=CC=CC=CC=C1
403,,C#CCC
404,,CC#CC
405,,C#CCCC
408,,C#CC(C)(C)C
412,,CC#CCC
413,,C#CCCCC
416,,C#CCCCCCC
419,,C#CC(C)C
426,,C#CCCCCCCC
427,,C#CCCCCCCCC
501,,c1ccccc1
502,,Cc1ccccc1
503,,CC1CCc2ccccc21
504,,CCc1ccccc1
505,,Cc1ccccc1C
506,,Cc1cccc(C)c1
507,,Cc1ccc(C)cc1
508,,Cc1ccc2c(c1)CCC2
509,,CCCc1ccccc1
510,,CC(C)c1ccccc1
511,,CCc1ccccc1C
512,,CCc1cccc(C)c1
513,,CCc1ccc(C)cc1
514,,Cc1cccc(C)c1C
515,,Cc1ccc(C)c(C)c1
516,,Cc1cc(C)cc(C)c1
517,,Cc1cc(C(C)C)cc(C(C)C)c1
518,,CCCCc1ccccc1
519,,CC(C)Cc1ccccc1
520,,CCC(C)c1ccccc1
521,,CC(C)(C)c1ccccc1
522,,Cc1ccccc1C(C)C
523,,Cc1cccc(C(C)C)c1
524,,Cc1ccc(C(C)C)cc1
525,,CCc1ccccc1CC
526,,CCc1cccc(CC)c1
527,,CCc1ccc(CC)cc1
530,,Cc1ccc(C)c(C)c1C
531,,Cc1cc(C)c(C)c(C)c1
535,,Cc1c(C)c2c(c(C)c1O)CCC(C)(CCCC(C)CCCC(C)CCCC(C)C)O2
537,,CC(C)c1cc(C(C)C)cc(C(C)C)c1
543,,CC(C)c1cccc(C(C)C)c1
544,,CC(C)c1ccc(C(C)C)cc1
545,,CCc1ccc(CC)c(CC)c1
548,,CCc1cccc(CC)c1CC
553,,CCc1cc(CC)c(CC)c(CC)c1
555,,CCc1cc(CC)c(CC)c(CC)c1CC
557,,c1ccc(C2CCCCC2)cc1
562,,CC(c1ccccc1)c1ccccc1
567,,CCCCCc1ccccc1
568,,CCCCCCc1ccccc1
571,,CCCCCCCCCCCc1ccccc1
573,,CCCCCCCCCCCCCCc1ccccc1
580,,CCc1cccc(C)c1C
582,,C=C(CC)c1ccccc1
591,,CCc1ccc(CCc2ccccc2)cc1
592,,CCCc1cccc(C)c1C
593,,CCc1ccc(C)c(C)c1C
594,,CCc1c(C)ccc(C)c1C
595,,CCc1cc(C)c(C)cc1C
601,,C=Cc1ccccc1
602,,C=Cc1ccccc1C
603,,C=Cc1cccc(C)c1
604,,CC=CCCc1ccccc1C
605,,C=Cc1ccccc1CC
606,,C=Cc1cccc(CC)c1
607,,C=Cc1ccc(CC)cc1
612,,C=Cc1ccc(C)cc1
613,,C=C(C)c1ccccc1
615,,C#Cc1ccccc1
618,,C/C=C\c1ccccc1
619,,C/C=C/c1ccccc1
702,,Cc1cccc2ccccc12
704,,CCc1cccc2ccccc12
706,,c1ccc2c(c1)CCCC2
711,,CCCCCCCCCc1cccc2ccccc12
712,,CCCCCCCCCCc1cccc2ccccc12
713,,CCCCc1cccc2ccccc12
723,,CC1C=Cc2ccccc21
724,,CC1=Cc2ccccc2C1
803,,C1=Cc2ccccc2C1
814,,CC12CC3CC(C1)CC(C)(C3)C2
818,,CC1=CC2CCC1C2
819,,CCC1CC2C=CC1C2
820,,c1ccc2c(c1)CCC2
821,,CC1=CC=C(C(C)C)CC1
822,,CC1=CCC(C(C)C)=CC1
824,,CC=C1CC2C=CC1C2
828,,CCC(C)C1CCCCC1
835,,CC1CCCc2ccccc21
836,,CCC1CCCc2ccccc21
840,,CC1=CCC2CC1C2(C)C
841,,C=C1CCC2CC1C2(C)C
1003,,CCC=O
1004,,O=CC1CC=CCC1
1005,,CCCC=O
1007,,CCCCC=O
1008,,CCCCCCC=O
1009,,CCCCCC=O
1010,,CCCCCCCC=O
1011,,CCCCCCCCC=O
1012,,O=CC1CCCCC1
1013,,CCCCC(C=O)CC
1014,,O=CC=O
1018,,CCC=C(C)C=O
1019,,CCCC=C(C=O)CC
1020,,CCCCCCCCCC=O
1031,,CCC(C)C=O
1032,,CC(C)CC=O
1034,,C=CC=O
1035,,C/C=C\C=O
1036,,C/C=C/C=O
1037,,C=C(C)C=O
1039,,Cc1ccccc1C=O
1040,,Cc1ccc(C=O)cc1
1041,,O=Cc1ccccc1
1042,,O=Cc1ccccc1O
1045,,Cc1cccc(C=O)c1
1046,,CCCCCCC(C)C=O
1047,,CCCCCC(C)C=O
1050,,CC1OC(C)OC(C)O1
1051,,CC(C)=O
1052,,CCC(C)=O
1053,,CCC(=O)CC
1054,,CC(=O)CC(C)C
1055,,CCC(C)C(C)=O
1056,,C=CCCC(C)=O
1057,,CCCCC(=O)CC
1058,,CCCC(=O)CCC
1059,,CCCC(=O)CC
1060,,CCCC(C)=O
1061,,CC(=O)C(C)C
1062,,CCCCC(C)=O
1063,,CCCCCC(C)=O
1064,,CC(=O)CCC(C)C
1065,,CC(=O)C=C(C)C
1066,,CC(=O)C(C)(C)C
1069,,CC(C)C(=O)C(C)C
1072,,CCC(=O)CCC(C)C
1073,,CCCCC(=O)CCCC
1074,,CCCCCCCC(C)=O
1076,,CC(=O)CC(C)=O
1077,,CC1=CC(=O)CC(C)(C)C1
1079,,O=C1CCCC1
1080,,O=C1CCCCC1
1083,,CCCCCCC(C)=O
1091,,O=C1CCO1
1092,,O=C1CCCO1
1095,,CCC(=O)C(C)C
1101,,CO
1102,,CCO
1103,,CCCO
1104,,CC(C)O
1105,,CCCCO
1106,,CC(C)CO
1107,,CCC(C)O
1109,,CCCCCO
1110,,CCCC(C)O
1111,,CCC(C)(C)O
1112,,CCC(C)CO
1113,,CC(C)(C)CO
1114,,CCCCCCO
1115,,CCCCC(C)O
1116,,CCCC(O)CC
1118,,CCC(C)CCO
1119,,CCC(C)(O)CC
1120,,CCC(O)CC
1121,,CCCCC(CC)CO
1122,,CCCCC(C)CO
1123,,CC(C)CCO
1124,,CC(C)C(C)O
1125,,CCCCCCCO
1126,,CCCCCC(C)O
1127,,CCCCC(O)CC
1130,,CC(C)CC(C)O
1132,,CCCCCCCCO
1133,,CCCCCCC(C)O
1135,,CCCCCCCC(C)O
1136,,CCCCCCCCCCO
1137,,CCCCCCCCCCCO
1139,,CC(C)CCCCCCCO
1140,,CCCCCCCCCCCCO
1147,,CCC(CC)CO
1150,,CCCCCC(C)CO
1151,,OC1CCCCC1
1164,,CCCCCCCC(CO)CCCC
1165,,CCCCCCCCCC(C)CO
1166,,OCC1CCCO1
1167,,C=CCO
1169,,CCCCCCC(CO)CCCC
1173,,CC1CCC(CO)CC1
1175,,Cc1ccc(C(C)O)cc1
1179,,C#CCO
1180,,OCc1ccccc1
1183,,Cc1cccc(O)c1
1185,,CCc1ccccc1O
1187,,CCc1ccc(O)cc1
1201,,OCCO
1202,,OCCOCCO
1203,,OCCOCCOCCO
1204,,OCCOCCOCCOCCO
1205,,CC(C)(C)OCC(O)COC(C)(C)C
1208,,CC(O)COC(C)COC(C)COC(C)CO
1209,,CC(O)COC(C)COC(C)COC(C)COC(C)CO
1211,,CC(O)CO
1212,,OCCCO
1213,,CC(O)COCC(C)O
1216,,CC(O)COCC(C)OCC(C)O
1220,,CCC(O)CO
1221,,CC(O)CCO
1223,,CC(C)(O)CO
1231,,OCC(O)CO
1232,,CC(O)C(O)CO
1233,,OCCC(O)CO
1237,,CCC(O)C(C)CO
1239,,OC/C=C\CO
1241,,OCCCCO
1242,,OCCCCCO
1251,,O=CO
1252,,CC(=O)O
1253,,CCC(=O)O
1256,,CCCC(=O)O
1258,,CCCCC(=O)O
1259,,CCCCCCCCC(=O)O
1260,,CC(C)C(=O)O
1261,,CC(C)CC(=O)O
1262,,CCCCCC(=O)O
1263,,CCCCC(C)C(=O)O
1265,,CCCCCCCC(=O)O
1267,,O=C(O)CC1CCCC1
1273,,C/C=C\C(=O)O
1275,,CCCCCCC(C)C(=O)O
1277,,C=CC(=O)O
1278,,C=C(C)C(=O)O
1279,,CCCCCCCC/C=C\CCCCCCCC(=O)O
1290,,CC(=O)OO
1291,,CC(=O)OC(C)=O
1292,,CCC(=O)OC(=O)CC
1293,,CCCC(=O)OC(=O)CCC
1301,,COC=O
1302,,CCOC=O
1304,,CCCCOC=O
1305,,CC(C)COC=O
1308,,CCCCCCCCOC=O
1309,,CCCCCCCCCOC=O
1310,,CCCCCCCCCCOC=O
1311,,C=COC=O
1312,,COC(C)=O
1313,,CCOC(C)=O
1314,,CCCOC(C)=O
1316,,CC(=O)OCC(C)C
1317,,CC(=O)OCCC(C)C
1318,,C=CCOC(C)=O
1319,,CC(=O)OC(C)C
1320,,CCC(C)OC(C)=O
1321,,C=COC(C)=O
1324,,CCCOC(=O)CC
1326,,CCCCOC(=O)CC
1327,,CCCOC(=O)CCC
1331,,C=COC(=O)CC
1332,,CCCC(=O)OC
1333,,CCCC(=O)OCC
1336,,CCCOC(=O)C(C)C
1339,,CCCCCCCC(=O)OCC
1341,,C=CC(=O)OC
1342,,C=CC(=O)OCC
1343,,C=CC(=O)OCCC
1345,,CCCCCCCCC(=O)OCCCC
1346,,CCCCOC(=O)CCCC
1347,,CCOC(=O)CC(C)C
1351,,C=C(C)C(=O)OC
1354,,CCCCC(CC)COC(=O)c1ccccc1C(=O)OCC(CC)CCCC
1356,,CCCCCCCCCOC(=O)c1ccccc1C(=O)OCCCCCCC
1359,,CC(=O)OCc1ccccc1
1360,,CC(C)COC(=O)C(C)C
1361,,CC(C)CCOC(=O)CC(C)C
1362,,CCCCCCCC/C=C\CCCCCCCC(=O)OC
1363,,CCCCCCOC(C)=O
1364,,O=C(OCc1ccccc1)c1ccccc1
1372,,CCCCCCCOC(=O)c1ccccc1C(=O)OCCCCCCC
1373,,COC(=O)c1ccccc1O
1374,,CCCCCCCCCOC(=O)c1ccccc1C(=O)OCCCCCCCCC
1375,,CCCOC(=O)c1ccccc1C(=O)OCCC
1378,,CCCCCCCCCCOC(=O)c1ccccc1C(=O)OCCCCCCCCCC
1379,,CCCCCCCCCCCOC(=O)c1ccccc1C(=O)OCCCCCCCCCCC
1384,,CCCCOC(=O)CCCCCCCCC(=O)OCCCC
1385,,CCCCOC(=O)CCC
1387,,CC(=O)OCCOC(C)=O
1389,,C=C(C)C(=O)OCCCC
1390,,COC(=O)c1ccccc1
1391,,CCOC(=O)c1ccccc1
1392,,CCOC(=O)OCC
1394,,CCOC(=O)CC(=O)OCC
1395,,CCCCCCCCCC(=O)OC
1396,,CCCCCCCCCCCCCC(=O)OC(C)C
1399,,CCCCCCCCCCCOC(=O)c1ccccc1C(=O)OCCCCCCC
1400,,CC1CCCO1
1402,,CCOCC
1403,,CC(C)OC(C)C
1404,,CCCCOCCCC
1405,,COC(C)(C)C
1408,,CCCOC
1409,,CCCCOC(C)C
1411,,COC(C)C
1412,,CCCCCCOCCCCCC
1413,,CCCCOC
1414,,C=COC=C
1415,,CCCOCC
1419,,c1ccc2c(c1)COC2
1420,,CC=Cc1ccc(OC)cc1
1421,,C1COCCO1
1423,,CC(C)(C)OC(C)(C)C
1426,,CCC(C)OC
1428,,CCOC(C)(C)C
1429,,CCCCCOC
1431,,COCOC
1432,,CCOC(C)OCC
1433,,CC(C)COC(C)C
1434,,CCOCC(C)C
1435,,c1ccc(OCC2CO2)cc1
1436,,CCOC(OCC)OCC
1437,,COO
1438,,CCOO
1439,,Cc1ccc2occ(C)c2c1
1440,,CC1(C)CO1
1442,,CC1CO1
1443,,C1COC1
1445,,C=COCC
1446,,CCCOCCC
1447,,C=COCCCC
1448,,CCCCOCC
1449,,CC(OC(C)c1ccccc1)c1ccccc1
1450,,OOCCCc1ccccc1
1451,,OOCCCCc1ccccc1
1452,,C1CCOCC1
1453,,C=CCOCC=C
1454,,COCCOCCOCCOC
1455,,COCCOC
1456,,COCCOCCOC
1458,,CCOCCOCCOCC
1459,,CCCCOCCOCCOCCCC
1460,,CCOCc1ccccc1
1462,,CCOc1ccccc1
1463,,c1ccc(COCc2ccccc2)cc1
1464,,C=CCOCC1CO1
1466,,Cc1cccc(OC(C)C)c1
1467,,C1CC(C2CCOC2)CO1
1468,,COC(C)OC
1469,,COCCOCCOCCOCCOCCOC
1471,,CCC1CO1
1472,,CC(C)(OO)c1ccccc1
1473,,CC(C)(C)OO
1477,,C1=CCOC1
1478,,c1ccoc1
1479,,C1CCOC1
1482,,CC(C)(C)OOC(C)(C)C
1483,,CCCCOO
1487,,C=CCOOC(C)(C)C
1488,,CC(COC(C)(C)C)OCC(C)OC(C)(C)C
1489,,COCC(C)OC
1490,,CCC(C)OC(C)(C)C
1491,,CC(C)COC(C)(C)C
1492,,CC1OCCO1
1888,,CC(O)CC=O
1889,,O=Cc1ccco1
1895,,CC(=O)OC1CC(C)OC(C)O1
1899,,COC1CCC=CO1
1921,,O
1996,,OO
2083,,CCCCCC(=O)CC
2084,,CCCCC(=O)CCC
2085,,CCCCCCC(=O)CC
2087,,CCCCCC(=O)CCC
2088,,O=C1C=CCCC1
2089,,CC(C)CC(=O)CC(C)CC(C)C
2095,,CCCCCC(C)C(C)C
2096,,CCCCC(C)CC(C)C
2097,,CCCC(C)CCC(C)C
2098,,CCC(C)CCCC(C)C
2099,,CC(C)CCCCC(C)C
2112,,CCc1cccc(O)c1
2120,,CC(CO)c1ccccc1
2121,,OCCCc1ccccc1
2181,,C[C@@H](O)c1ccccc1
2184,,Cc1cccc(CO)c1
2226,,C/C=C(\C)CC
2240,,C=CCCC(C)C
2251,,C=C(C)CCCCCC
2252,,C=C(C)CCCCC
2260,,CCCCC(CC)C(=O)O
2261,,CCCCCCC(=O)O
2262,,CCC(C)(C)C(=O)O
2263,,CCCC(C)(C)C(=O)O
2279,,CCC(CC)C(=O)O
2285,,C=CC1CC=C(C)CC1
2305,,CCC(C)OC=O
2306,,CC(C)(C)OC=O
2307,,CCCCCCOC=O
2308,,CCCCCCCOC=O
2321,,CC(=O)OC(C)(C)C
2343,,C=CC(=O)OC(C)C
2353,,C=C(C)C(=O)OCCCCCCCCCCCCCCCC
2370,,CC(=O)OCC(COC(C)=O)OC(C)=O
2373,,CCCCCCCCCCCOC(=O)c1ccccc1C(=O)OCCCCCCCCC
2375,,CCOC(=O)c1ccccc1C(=O)OCC
2376,,CCCCOC(=O)c1ccccc1C(=O)OCCCC
2377,,COC(=O)c1ccccc1C(=O)OC
2378,,CCOC(=O)CCC(=O)OCC
2379,,CCCCCCOC(=O)CCCCC(=O)OCCCCCC
2380,,CC(=O)OC(C)OC(C)=O
2384,,C=CC(=O)OCC(C)C
2385,,CCCCCCCCCCCC(=O)OC
2387,,COC(=O)/C=C\C(=O)OC
2389,,C=CC(=O)OC(C)CC
2390,,C=COC(=O)C(C)(C)C
2391,,COC(=O)OC
2414,,C#CCCCCC
2422,,C1COCOC1
2456,,CCOCCOCC
2478,,C1=COCC1
2522,,CCc1ccccc1C(C)C
2575,,CCCCCCCCCCCCCCCc1ccccc1
2854,,CC(=O)CC(C)(C)O
2855,,OCc1ccco1
2860,,COCCO
2861,,CCOCCO
2862,,CCCCOCCO
2863,,COCCOCCO
2864,,CCOCCOCCO
2869,,COCCOCCOCCO
2873,,C=C(C)C(=O)OCCO
2874,,C=C(C)C(=O)OCCOC(=O)CC(C)=O
2875,,COC(=O)C(C)O
2876,,COC(C)CO
2888,,CC(C)C(=O)OCC(C)(C)C(O)C(C)C
2889,,CC(=O)CO
2897,,CC(O)COC(C)C
3051,,CCCCC(CC)CC=O
3052,,CCCCCC(=O)CCCCC
3053,,CC(=O)C(C)=O
3054,,CC(C)=C=O
3056,,O=C1CCCCC1C1=CCCCC1
3101,,CCCCCCCCC(CO)CCCC
3102,,CCCCCCCCCCCC(C)CO
3103,,CCCCCCCCCCC(C)CO
3104,,CCCCC(C)CCCO
3105,,CCC(C)CCCCCO
3106,,CCCCC(CC)CCO
3110,,OCC1CC=CCC1
3251,,C=CCCCCC(C)C
3258,,C=C(C)CCCCCCC
3259,,C=CCCCCCC(C)C
3260,,C/C=C\CCCCCCC
3261,,C/C=C/CCCCCCC
3262,,C/C=C\CCCCCCCCC
3263,,C/C=C/CCCCCCCCC
3264,,O=C(O)C1CC1
3292,,CC(C)C(=O)OC(=O)C(C)C
3301,,CC(C)C(=O)OCC(C)(C)C(OC(=O)C(C)C)C(C)C
3302,,CC=CCOC(C)=O
3303,,C=CC(C)OC(C)=O
3304,,CCOC(=O)C(C)(C)C
3307,,C=CCOC(=O)C=C
3308,,C=CCOC(=O)c1ccccc1C(=O)OCC=C
3310,,CCCCCCCCCCCCCC(=O)OC
3312,,CCOC(=O)Cc1ccccc1
3314,,CCCCC/C=C\C/C=C\CCCCCCCC(=O)OC
3315,,CCCCCC/C=C\CCCCCCCC(=O)OC
3316,,CC/C=C\C/C=C\C/C=C\CCCCCCCC(=O)OC
3317,,CCCCCOC(=O)CCC
3318,,CCCC(=O)OCCC(C)C
3319,,C=CC(OC(C)=O)OC(C)=O
3320,,CCCCCCCCCCCCCCCC(=O)OCC
3321,,CCCCCCCCC=CCCCCCCCC(=O)OCC
3325,,CCCCCCCC(=O)OC
3326,,CCCCCCCC/C=C\CCCCCCCCCCCC(=O)OC
3327,,CCCCCCCCCCCCCCCC(=O)OC(C)C
3328,,CCCCCCCCCC(=O)OCC
3329,,CCCCCCCCCCCC(=O)OCC
3330,,CCCCCCCCCCCCCC(=O)OCC
3331,,CC/C=C\C/C=C\C/C=C\CCCCCCCC(=O)OCC
3332,,CCCCC/C=C\C/C=C\CCCCCCCC(=O)OCC
3333,,CCCCCCCC/C=C\CCCCCCCCCCCC(=O)OCC
3334,,CCCCCCCC(=O)OCC(COC(=O)CCCCCCC)OC(=O)CCCCCCC
3338,,CCCCC/C=C\CC=CCCCCCCCC(=O)OCC(COC(=O)CCCCCCCC=CC/C=C\CCCCC)OC(=O)CCCCCCC/C=C\C/C=C\CCCCC
3339,,C=CC(=O)OCCCCCCOC(=O)C=C
3340,,CC/C=C\C/C=C\C/C=C\CCCCCCCC(=O)OCC(COC(=O)CCCCCCC/C=C\C/C=C\C/C=C\CC)OC(=O)CCCCCCC/C=C\C/C=C\C/C=C\CC
3343,,CCCCC(CC)COC(=O)c1ccccc1
3344,,CCCCOC(=O)c1ccc(C(=O)OCCCC)cc1
3366,,C=CC1COC(=O)O1
3377,,COC(=O)CCC(=O)OC
3378,,CCCCCCCCOC(=O)CCCCC(=O)OCCCCCCCC
3379,,CCCCC(CC)COC(=O)CCCCC(=O)OCC(CC)CCCC
3390,,COC(=O)c1ccc(C(=O)OC)c(C(=O)OC)c1
3394,,COC(=O)CC(=O)OC
3545,,CCc1cc(CC)cc(CC)c1
3850,,CCCCC(CC)COCCO
3851,,CCOCC(C)OC(C)=O
3852,,CC(O)COCC(C)OC(C)(C)C
3854,,COCC(C)O
3856,,CC(O)COC(C)(C)C
3858,,CC(CO)OC(C)(C)C
3859,,CCCOCCOCCO
3861,,CCCCOCCOCCOCCO
3862,,CCOCCOCCOCCO
3863,,C=CCOCC(C)O
3865,,CCCCCCOCCO
3866,,CCCCCCOCCOCCO
3868,,CCCOCC(C)OCC(C)O
3869,,CCCOCC(C)O
3870,,CCCCOCCOCCOC(C)=O
3878,,CCCCCCCC/C=C\CCCCCCCC(=O)OCC(COC(=O)CCCCCCC/C=C\CCCCCCCC)OC(=O)CCCCCCC/C=C\CCCCCCCC
3879,,CC=CCOCCO
3880,,C=CC(C)OCCO
3891,,CCOCC(C)OCC(C)O
3892,,CCOCC(C)OCC(C)OCC(C)O
3894,,CCOCC(C)O
3895,,CC(O)COC(C)COC(C)(C)C
3897,,COC(=O)CO
3899,,C=C(C)C(=O)OC(C)(C)C
4857,,CCCCOCCOCCO
5880,,CC(O)C(=O)O
5883,,CCOC(=O)C(C)O
5886,,COC(=O)CC(C)=O
5887,,CCOC(=O)CC(C)=O
5899,,C=CC(=O)OCCC(=O)O
6870,,CCCCOCCOC(C)=O
6883,,C=CC(=O)OCCO
7850,,C=CC(=O)OCC(C)O
7853,,C=C(C)OC(C)=O
7855,,CCCCCOCCO
7858,,COCC(C)=O
7861,,CCCCCOCCOCCO
7864,,CCCCOCCOCCOCCOCCO
7865,,COC(=O)c1ccc(C)cc1
7868,,CC(=O)Oc1ccccc1
7870,,OCCCCOC1CCCO1
7871,,CCCCOCC(C)O
7872,,CCCCOCC(C)OCC(C)O
7874,,CCCCC(CC)C(=O)OCCOCCOCCOC(=O)C(CC)CCCC
7878,,CC(=O)CC(=O)OC(C)(C)C
7879,,CCCOCCOCCOCCO
7880,,CCCCCCOCCOCCOCCO
7886,,CC(O)COC(C)c1ccccc1
7890,,CCC(=O)OC(C)COC
7892,,CCOC(=O)CCC(C)=O
7894,,CC(=O)OCC1OC(OC2(COC(=O)C(C)C)OC(COC(C)=O)C(OC(=O)C(C)C)C2OC(=O)C(C)C)C(OC(=O)C(C)C)C(OC(=O)C(C)C)C1OC(=O)C(C)C
9850,,CC1COC(C)(CO)O1
9851,,CC(=O)C(C)O
9868,,COCCOCCOCCOCCO
9869,,CCOCCOCCOCCOCCO
9872,,COC(=O)C(C)(C)O
9873,,COC(=O)C(C)(C)OC
9878,,O=C1C[C@H](O)CO1