DIPPR ID,Normal Boiling Point,smiles
1,,C
2,,CC
3,,CCC
4,,CC(C)C
5,,CCCC
6,,CC1CCCC(C)(C)C1
7,,CCCCC
8,,CCC(C)C
9,,CC(C)(C)C
11,,CCCCCC
12,,CCCC(C)C
13,,CCC(C)CC
14,,CCC(C)(C)C
15,,CC(C)C(C)C
17,,CCCCCCC
18,,CCCCC(C)C
19,,CCCC(C)CC
20,,CCC(CC)CC
21,,CCCC(C)(C)C
22,,CCC(C)C(C)C
23,,CC(C)CC(C)C
24,,CCC(C)(C)CC
25,,CC(C)C(C)(C)C
27,,CCCCCCCC
28,,CCCCCC(C)C
29,,CCCCC(C)CC
30,,CCCC(C)CCC
31,,CCCC(CC)CC
32,,CCCCC(C)(C)C
33,,CCCC(C)C(C)C
34,,CCC(C)CC(C)C
35,,CC(C)CCC(C)C
36,,CCCC(C)(C)CC
37,,CCC(C)C(C)CC
38,,CCC(CC)C(C)C
39,,CCC(C)(CC)CC
40,,CCC(C)C(C)(C)C
41,,CC(C)CC(C)(C)C
42,,CCC(C)(C)C(C)C
43,,CC(C)C(C)C(C)C
44,,CC(C)(C)C(C)(C)C
46,,CCCCCCCCC
47,,CC(C)CCC(C)(C)C
48,,CCC(C)CC(C)(C)CC
49,,CCC(C)(C)CC(C)C
50,,CCC(CC)(CC)CC
51,,CCC(C)(C)C(C)(C)C
52,,CC(C)C(C)C(C)(C)C
53,,CC(C)(C)CC(C)(C)C
54,,CC(C)C(C)(C)C(C)C
56,,CCCCCCCCCC
57,,CCCC(C)(C)C(C)(C)C
58,,CC(C)(C)CCC(C)(C)C
61,,CC(C)CC1CCCCC1
62,,CC(C)(C)C1CCCCC1
63,,CCCCCCCCCCC
64,,CCCCCCCCCCCC
65,,CCCCCCCCCCCCC
66,,CCCCCCCCCCCCCC
67,,CCCCCCCCCCCCCCC
68,,CCCCCCCCCCCCCCCC
69,,CCCCCCCCCCCCCCCCC
70,,CCCCCCCCCCCCCCCCCC
71,,CCCCCCCCCCCCCCCCCCC
72,,CCCCCCC(C)(C)C
73,,CCCCCCCCCCCCCCCCCCCC
85,,CCCCCCC(C)CC
86,,CCCCCCCC(C)C
87,,CCCCCC(C)CCC
88,,CCCCC(C)CCCC
91,,CCCCCCC(C)C
92,,CCCCCC(C)CC
93,,CCCCC(C)CCC
94,,CCCCC(CC)CC
96,,CCCCCC(C)(C)C
97,,CCCCCCCC(C)CC
98,,CCCCCCCCCC(C)CC
99,,CCCCCCCCCCC(C)CC
100,,CCCCCCCCC(C)CC
101,,C1CC1
102,,C1CCC1
104,,C1CCCC1
105,,CC1CCCC1
107,,CCC1CCCC1
108,,CC1(C)CCCC1
109,,C[C@H]1CCC[C@H]1C
110,,C[C@@H]1CCC[C@H]1C
111,,C[C@H]1CC[C@@H](C)C1
112,,C[C@@H]1CC[C@@H](C)C1
114,,CCCC1CCCC1
115,,CC(C)C1CCCC1
116,,CCC1(C)CCCC1
117,,CC1CCC(C)C1C
118,,CC1CCC(C)(C)C1
119,,CC1CC(C)C(C)C1
120,,CC1CCCC1(C)C
122,,CCCCC1CCCC1
127,,CCCCCC1CCCCC1
128,,CCCCCCCCC(C)C
129,,CCCCCCCCCC(C)C
130,,CCCCCCCCCCC(C)C
132,,CCCCCCCCCCCC(C)C
137,,C1CCCCC1
138,,CC1CCCCC1
140,,CCC1CCCCC1
141,,CC1(C)CCCCC1
142,,C[C@H]1CCCC[C@H]1C
143,,C[C@@H]1CCCC[C@H]1C
144,,C[C@H]1CCC[C@@H](C)C1
145,,C[C@@H]1CCC[C@@H](C)C1
146,,C[C@H]1CC[C@@H](C)CC1
147,,C[C@H]1CC[C@H](C)CC1
148,,C[C@H]1C[C@H](C)C[C@@H](C)C1
149,,CCCC1CCCCC1
150,,CC(C)C1CCCCC1
151,,CC1CCC(C)C(C)C1C
152,,CCCCC1CCCCC1
153,,C1CC[C@H]2CCCC[C@H]2C1
154,,C1CC[C@H]2CCCC[C@@H]2C1
155,,C1CCC(C2CCCCC2)CC1
156,,CCC1(CC)CCCCC1
158,,CCCCCCCCCCC1CCCCC1
159,,C1CCCCCC1
160,,C1CCCCCCC1
162,,CCCCC(C)C(C)C
163,,CCCCCCC(C)C(C)C
164,,CCCCCCCC(C)C(C)C
165,,CCCCCCCCC(C)C(C)C
166,,CCCCCCCCCC(C)C(C)C
176,,CC(C)CCCC(C)C
190,,CCC(CC)C(C)(C)C
192,,CCC(C(C)C)C(C)C
201,,C=C
202,,C=CC
203,,C=CCCCCCCCCCCCCCCCCCCCCCCCCCCCC
204,,C=CCC
205,,C/C=C\C
206,,C/C=C/C
207,,C=C(C)C
208,,C/C(=C\C(C)(C)C)CC(C)(C)C
209,,C=CCCC
210,,C/C=C\CC
211,,C/C=C/CC
212,,C=C(C)CC
213,,C=CC(C)C
214,,CC=C(C)C
215,,C=CCCCCCCCCCCCCCCCCCCCCCCCCCCCCCCCCCC
216,,C=CCCCC
217,,C/C=C\CCC
218,,C/C=C/CCC
219,,CC/C=C\CC
220,,CC/C=C/CC
221,,C=C(C)CCC
222,,C=CC(C)CC
223,,C=CCC(C)C
224,,CCC=C(C)C
225,,C/C=C(/C)CC
226,,C=CCC(C)CC
227,,C/C=C\C(C)C
228,,C/C=C/C(C)C
229,,C=C(CC)CC
230,,C=C(C)C(C)C
231,,C=CC(C)(C)C
232,,CC(C)=C(C)C
233,,C=C(CC)CCC
234,,C=CCCCCC
235,,C/C=C\CCCC
236,,C/C=C/CCCC
237,,CC/C=C/CCC
238,,C=C(C)CCCC
239,,C=CC(CC)CC
240,,C=CC(C)CCC
241,,C=CC(CC)CCC
242,,C=CCC(C)CCC
243,,C=CCCCCCCCCCCCCCCCCCCCCCCCCCCCCCCCCCCCCCC
246,,C=CC1CCCCC1
247,,CCC1=CCCCC1
248,,C=C(C)C(C)(C)C
249,,CC/C=C\CCC
250,,C=CCCCCCC
251,,C/C=C/CCCCC
256,,C=C(C)CC(C)(C)C
257,,CC(C)=CC(C)(C)C
258,,C=C(CC)CCCC
259,,C=CCCCCCCC
260,,C=CCCCCCCCC
261,,C=CCCCCCCCCC
262,,C=CCCCCCCCCCC
263,,C=CCCCCCCCCCCC
264,,C=CCCCCCCCCCCCC
265,,C=CCCCCCCCCCCCCC
266,,C=CCCCCCCCCCCCCCC
267,,C=CCCCCCCCCCCCCCCCC
268,,C=CCCCC(C)C
269,,C1=CCCC1
270,,C1=CCCCC1
273,,C1=CCCCCC1
274,,C1=CCCCCCC1
276,,C/C=C\CCCCC
277,,CC/C=C/CCCC
278,,CCC/C=C\CCC
279,,CCC/C=C/CCC
280,,CC/C=C\CCCC
281,,C=CCCCCCCCCCCCCCCC
283,,C=CCCCCCCCCCCCCCCCCC
284,,C=CCCCCCCCCCCCCCCCCCC
285,,C=CC1CC=CCC1
286,,CC1=CCCC1
287,,CC1C=CCC1
288,,CC1CC=CC1
289,,C=C(C)C(C)CCC
290,,C=C(C)C1CC=C(C)CC1
292,,C=CCC1=CCCCC1
293,,C=CCCCCCCCCCCCCCCCCCCCC
294,,C=CCCCCCCCCCCCCCCCCCCCCCC
295,,C=CCCCCCCCCCCCCCCCCCCCCCCCC
296,,C=CCCCCCCCCCCCCCCCCCCCCCCCCCC
301,,C=C=C
302,,C=C=CC
303,,C=CC=C
304,,C=C=CCC
305,,C=C/C=C\C
306,,C=C/C=C/C
307,,C=CCC=C
308,,CC=C=CC
309,,C=CC(=C)C
310,,C=CCCC=C
311,,C=C=C(C)C
312,,CC1=CC=CC1
313,,C=CCC=CC
314,,C/C=C/C=C/C
315,,C1=CCC=C1
316,,C1=CC2C3C=CC(C3)C2C1
317,,CC1=CCC(C(C)C)C=C1
318,,C=C1C=CC(C(C)C)CC1
319,,C=C(C)C(=C)C
320,,C/C=C\C=C\C
322,,C1=CCCC=CCCC=CCC1
329,,C=C(C)CCC(=C)C
330,,CC(C)=CC=C(C)C
331,,C1=CCCC=C1
332,,C1=CCC=CC1
333,,C1=CCCC=CCC1
340,,C=C/C=C/CC
341,,C=C(C)/C=C/C
342,,C=CCCCCCCC=C
343,,C1=CC=CC=CC=C1
402,,C#CC
403,,C#CCC
404,,CC#CC
405,,C#CCCC
406,,CCC#CCC
407,,CC#CCCC
408,,C#CC(C)(C)C
412,,CC#CCC
413,,C#CCCCC
414,,C#CC(=C)C
416,,C#CCCCCCC
418,,C#CC=C
419,,C#CC(C)C
420,,C=CC#CC
421,,C#CCC=C
424,,C(#Cc1ccccc1)c1ccccc1
426,,C#CCCCCCCC
427,,C#CCCCCCCCC
501,,c1ccccc1
502,,Cc1ccccc1
503,,CC1CCc2ccccc21
504,,CCc1ccccc1
505,,Cc1ccccc1C
506,,Cc1cccc(C)c1
507,,Cc1ccc(C)cc1
508,,Cc1ccc2c(c1)CCC2
509,,CCCc1ccccc1
510,,CC(C)c1ccccc1
511,,CCc1ccccc1C
512,,CCc1cccc(C)c1
513,,CCc1ccc(C)cc1
514,,Cc1cccc(C)c1C
515,,Cc1ccc(C)c(C)c1
516,,Cc1cc(C)cc(C)c1
517,,Cc1cc(C(C)C)cc(C(C)C)c1
518,,CCCCc1ccccc1
519,,CC(C)Cc1ccccc1
520,,CCC(C)c1ccccc1
521,,CC(C)(C)c1ccccc1
522,,Cc1ccccc1C(C)C
523,,Cc1cccc(C(C)C)c1
524,,Cc1ccc(C(C)C)cc1
525,,CCc1ccccc1CC
526,,CCc1cccc(CC)c1
527,,CCc1ccc(CC)cc1
528,,CC(C)c1ccc(-c2ccc(C(C)C)cc2)cc1
530,,Cc1ccc(C)c(C)c1C
531,,Cc1cc(C)c(C)c(C)c1
532,,Cc1cc(C)c(C)cc1C
533,,CCc1ccc(C(C)(C)C)cc1
534,,CC(C)(C)c1ccc(C(C)(C)C)cc1
537,,CC(C)c1cc(C(C)C)cc(C(C)C)c1
541,,Cc1cc(C)c(C)c(C)c1C
543,,CC(C)c1cccc(C(C)C)c1
544,,CC(C)c1ccc(C(C)C)cc1
545,,CCc1ccc(CC)c(CC)c1
547,,Cc1c(C)c(C)c(C)c(C)c1C
548,,CCc1cccc(CC)c1CC
549,,CCCCCCCc1ccccc1
555,,CCc1cc(CC)c(CC)c(CC)c1CC
556,,CCc1c(CC)c(CC)c(CC)c(CC)c1CC
557,,c1ccc(C2CCCCC2)cc1
558,,c1ccc(-c2ccccc2)cc1
559,,c1ccc(-c2ccc(-c3ccccc3)cc2)cc1
560,,c1ccc(-c2cccc(-c3ccccc3)c2)cc1
561,,c1ccc(-c2ccccc2-c2ccccc2)cc1
562,,CC(c1ccccc1)c1ccccc1
563,,c1ccc(Cc2ccccc2)cc1
564,,c1ccc(CCc2ccccc2)cc1
565,,c1ccc(C(c2ccccc2)c2ccccc2)cc1
567,,CCCCCc1ccccc1
568,,CCCCCCc1ccccc1
569,,CCCCCCCCc1ccccc1
570,,CCCCCCCCCc1ccccc1
575,,CCc1cc(C)cc(C)c1
576,,CCc1c(C)cccc1C
577,,CCc1cc(C)ccc1C
578,,CCc1ccc(C)cc1C
579,,CCc1ccc(C)c(C)c1
580,,CCc1cccc(C)c1C
582,,C=C(CC)c1ccccc1
583,,C/C=C(/C)c1ccccc1
584,,C/C=C(\C)c1ccccc1
585,,CCCc1ccccc1C
586,,CCCc1cccc(C)c1
587,,CCCc1ccc(C)cc1
590,,c1ccc(C(c2ccccc2)C(c2ccccc2)c2ccccc2)cc1
591,,CCc1ccc(CCc2ccccc2)cc1
592,,CCCc1cccc(C)c1C
593,,CCc1ccc(C)c(C)c1C
594,,CCc1c(C)ccc(C)c1C
595,,CCc1cc(C)c(C)cc1C
597,,CC(C)(c1ccccc1)c1ccccc1
601,,C=Cc1ccccc1
602,,C=Cc1ccccc1C
603,,C=Cc1cccc(C)c1
604,,CC=CCCc1ccccc1C
606,,C=Cc1cccc(CC)c1
607,,C=Cc1ccc(CC)cc1
612,,C=Cc1ccc(C)cc1
613,,C=C(C)c1ccccc1
614,,C=Cc1cccc(C=C)c1
615,,C#Cc1ccccc1
618,,C/C=C\c1ccccc1
619,,C/C=C/c1ccccc1
701,,c1ccc2ccccc2c1
702,,Cc1cccc2ccccc12
703,,Cc1ccc2ccccc2c1
704,,CCc1cccc2ccccc12
706,,c1ccc2c(c1)CCCC2
709,,Cc1ccc2cc(C)ccc2c1
710,,c1ccc(-c2cccc3ccccc23)cc1
711,,CCCCCCCCCc1cccc2ccccc12
712,,CCCCCCCCCCc1cccc2ccccc12
713,,CCCCc1cccc2ccccc12
714,,CCCCCCc1cccc2ccccc12
715,,Cc1ccc2ccc(C)cc2c1
717,,c1ccc2c(c1)-c1cccc3cccc-2c13
718,,CCCc1cccc2ccccc12
719,,CCc1ccc2ccccc2c1
723,,CC1C=Cc2ccccc21
724,,CC1=Cc2ccccc2C1
726,,CC1=CC2CC1C1C(C)=CCC21
736,,C(=C/c1ccccc1)\c1ccccc1
738,,c1ccc2c(c1)Cc1ccccc1-2
802,,c1ccc2c(c1)c1ccccc1c1ccccc21
803,,C1=Cc2ccccc2C1
804,,c1ccc2cc3ccccc3cc2c1
805,,c1ccc2c(c1)ccc1ccccc12
806,,c1ccc2c(c1)ccc1c3ccccc3ccc21
807,,c1cc2ccc3cccc4ccc(c1)c2c34
808,,c1cc2c3c(cccc3c1)CC2
809,,C1=Cc2cccc3cccc1c23
811,,C=CC1CC2C=CC1C2
814,,CC12CC3CC(C1)CC(C)(C3)C2
817,,Cc1cccc2ccc3ccccc3c12
818,,CC1=CC2CCC1C2
819,,CCC1CC2C=CC1C2
820,,c1ccc2c(c1)CCC2
821,,CC1=CC=C(C(C)C)CC1
822,,CC1=CCC(C(C)C)=CC1
823,,C1=CC2CCC1C2
824,,CC=C1CC2C=CC1C2
826,,c1ccc2cc3c(ccc4ccccc43)cc2c1
827,,c1ccc2cc3cc4ccccc4cc3cc2c1
828,,CCC(C)C1CCCCC1
831,,C1CC2CCC1C2
835,,CC1CCCc2ccccc21
836,,CCC1CCCc2ccccc21
839,,C=C1C2CCC(C2)C1(C)C
840,,CC1=CCC2CC1C2(C)C
841,,C=C1CCC2CC1C2(C)C
901,,O=O
924,,O=[O+][O-]
1001,,C=O
1002,,CC=O
1003,,CCC=O
1004,,O=CC1CC=CCC1
1005,,CCCC=O
1006,,CC(C)C=O
1007,,CCCCC=O
1008,,CCCCCCC=O
1009,,CCCCCC=O
1010,,CCCCCCCC=O
1011,,CCCCCCCCC=O
1012,,O=CC1CCCCC1
1013,,CCCCC(C=O)CC
1014,,O=CC=O
1016,,CCCCC(C)C=O
1017,,CCCC(C)CC=O
1018,,CCC=C(C)C=O
1019,,CCCC=C(C=O)CC
1020,,CCCCCCCCCC=O
1021,,CCCCCCCCCCC=O
1025,,CCCCCCCCCCCC=O
1026,,CCCCCCCCCCCCC=O
1031,,CCC(C)C=O
1032,,CC(C)CC=O
1033,,O=CCO
1034,,C=CC=O
1036,,C/C=C/C=O
1037,,C=C(C)C=O
1039,,Cc1ccccc1C=O
1040,,Cc1ccc(C=O)cc1
1041,,O=Cc1ccccc1
1042,,O=Cc1ccccc1O
1043,,O=Cc1ccc(O)cc1
1044,,O=Cc1ccc(C=O)cc1
1045,,Cc1cccc(C=O)c1
1047,,CCCCCC(C)C=O
1050,,CC1OC(C)OC(C)O1
1051,,CC(C)=O
1052,,CCC(C)=O
1053,,CCC(=O)CC
1054,,CC(=O)CC(C)C
1055,,CCC(C)C(C)=O
1056,,C=CCCC(C)=O
1057,,CCCCC(=O)CC
1058,,CCCC(=O)CCC
1059,,CCCC(=O)CC
1060,,CCCC(C)=O
1061,,CC(=O)C(C)C
1062,,CCCCC(C)=O
1063,,CCCCCC(C)=O
1064,,CC(=O)CCC(C)C
1065,,CC(=O)C=C(C)C
1066,,CC(=O)C(C)(C)C
1068,,CC(C)CC(=O)CC(C)C
1069,,CC(C)C(=O)C(C)C
1072,,CCC(=O)CCC(C)C
1073,,CCCCC(=O)CCCC
1074,,CCCCCCCC(C)=O
1076,,CC(=O)CC(C)=O
1077,,CC1=CC(=O)CC(C)(C)C1
1079,,O=C1CCCC1
1080,,O=C1CCCCC1
1083,,CCCCCCC(C)=O
1085,,O=C(c1ccccc1)c1ccccc1
1090,,CC(=O)c1ccccc1
1091,,O=C1CCO1
1092,,O=C1CCCO1
1094,,CC1CCC(=O)O1
1095,,CCC(=O)C(C)C
1096,,C=C(C)C(C)=O
1097,,O=C1CCCCC1C1CCCCC1
1099,,C=C1CC(=O)O1
1100,,C=C=O
1101,,CO
1102,,CCO
1103,,CCCO
1104,,CC(C)O
1105,,CCCCO
1106,,CC(C)CO
1107,,CCC(C)O
1108,,CC(C)(C)O
1109,,CCCCCO
1110,,CCCC(C)O
1111,,CCC(C)(C)O
1112,,CCC(C)CO
1113,,CC(C)(C)CO
1114,,CCCCCCO
1115,,CCCCC(C)O
1116,,CCCC(O)CC
1117,,CCCC(C)CO
1118,,CCC(C)CCO
1119,,CCC(C)(O)CC
1120,,CCC(O)CC
1121,,CCCCC(CC)CO
1122,,CCCCC(C)CO
1123,,CC(C)CCO
1124,,CC(C)C(C)O
1125,,CCCCCCCO
1126,,CCCCCC(C)O
1127,,CCCCC(O)CC
1129,,CC(C)CCCCO
1130,,CC(C)CC(C)O
1132,,CCCCCCCCO
1133,,CCCCCCC(C)O
1134,,CCCCCCCCCO
1135,,CCCCCCCC(C)O
1136,,CCCCCCCCCCO
1137,,CCCCCCCCCCCO
1139,,CC(C)CCCCCCCO
1140,,CCCCCCCCCCCCO
1141,,CCCCCCCCCCCCCO
1142,,CCCCCCCCCCCCCCO
1147,,CCC(CC)CO
1148,,CCCCCCCCCCCCCCCCCCCCO
1150,,CCCCCC(C)CO
1151,,OC1CCCCC1
1152,,CC1(O)CCCCC1
1153,,C[C@H]1CCCC[C@H]1O
1154,,C[C@@H]1CCCC[C@H]1O
1155,,C[C@H]1CCC[C@@H](O)C1
1156,,C[C@@H]1CCC[C@@H](O)C1
1157,,C[C@H]1CC[C@@H](O)CC1
1158,,C[C@H]1CC[C@H](O)CC1
1159,,CC(C)[C@H]1CC[C@H](C)C[C@@H]1O
1162,,CC1=CCC(C(C)(C)O)CC1
1163,,C=C(C)C1CCC(C)(O)CC1
1166,,OCC1CCCO1
1167,,C=CCO
1168,,CC(C)(O)c1ccccc1
1170,,Cc1cccc(O)c1C
1172,,Cc1ccc(O)c(C)c1
1174,,Cc1ccc(C)c(O)c1
1175,,Cc1ccc(C(C)O)cc1
1176,,Cc1cccc(C)c1O
1177,,Cc1ccc(O)cc1C
1178,,Cc1cc(C)cc(O)c1
1179,,C#CCO
1180,,OCc1ccccc1
1181,,Oc1ccccc1
1182,,Cc1ccccc1O
1183,,Cc1cccc(O)c1
1184,,Cc1ccc(O)cc1
1185,,CCc1ccccc1O
1186,,Oc1ccc(O)cc1
1187,,CCc1ccc(O)cc1
1197,,CC(C)(C)c1ccc(O)cc1
1198,,CC(C)(c1ccc(O)cc1)c1ccc(O)cc1
1199,,CCCCCCCCCc1ccccc1O
1201,,OCCO
1202,,OCCOCCO
1205,,CC(C)(C)OCC(O)COC(C)(C)C
1207,,OCC(O)c1ccccc1
1208,,CC(O)COC(C)COC(C)COC(C)CO
1210,,CC1(C)C(O)C(C)(C)C1O
1211,,CC(O)CO
1212,,OCCCO
1213,,CC(O)COCC(C)O
1214,,CC(C)(CO)CO
1215,,OCC#CCO
1216,,CC(O)COCC(C)OCC(C)O
1218,,CCCCC(CC)(CO)CO
1219,,CC(CO)CO
1220,,CCC(O)CO
1221,,CC(O)CCO
1222,,CC(O)CC(C)(C)O
1223,,CC(C)(O)CO
1235,,CC(C)(C)c1ccc(O)c(O)c1
1236,,CC(C)C(O)C(C)(C)CO
1237,,CCC(O)C(C)CO
1238,,CC(O)C(C)O
1239,,OC/C=C\CO
1241,,OCCCCO
1242,,OCCCCCO
1243,,OCCCCCCO
1244,,Oc1ccccc1O
1245,,Oc1cccc(O)c1
1247,,CCC(CO)(CO)CO
1248,,Oc1cccc(O)c1O
1251,,O=CO
1252,,CC(=O)O
1253,,CCC(=O)O
1254,,CCCCCCCCCC(=O)O
1256,,CCCC(=O)O
1257,,CCC(C)C(=O)O
1258,,CCCCC(=O)O
1259,,CCCCCCCCC(=O)O
1260,,CC(C)C(=O)O
1261,,CC(C)CC(=O)O
1262,,CCCCCC(=O)O
1263,,CCCCC(C)C(=O)O
1265,,CCCCCCCC(=O)O
1266,,CCCCCCCCCCC(=O)O
1267,,O=C(O)CC1CCCC1
1269,,CCCCCCCCCCCC(=O)O
1270,,CCCCCCCCCCCCC(=O)O
1272,,CCCCCCCCCCCCCCCC(=O)O
1273,,C/C=C\C(=O)O
1274,,C/C=C/C(=O)O
1275,,CCCCCCC(C)C(=O)O
1277,,C=CC(=O)O
1278,,C=C(C)C(=O)O
1279,,CCCCCCCC/C=C\CCCCCCCC(=O)O
1281,,O=C(O)c1ccccc1
1282,,Cc1ccccc1C(=O)O
1283,,Cc1ccc(C(=O)O)cc1
1291,,CC(=O)OC(C)=O
1292,,CCC(=O)OC(=O)CC
1293,,CCCC(=O)OC(=O)CCC
1295,,O=C1CCC(=O)O1
1296,,O=C1CCCC(=O)O1
1297,,O=C1OC(=O)c2ccccc21
1298,,O=C1C=CC(=O)O1
1299,,O=C(O)c1ccc2c(c1)C(=O)OC2=O
1301,,COC=O
1302,,CCOC=O
1303,,CCCOC=O
1304,,CCCCOC=O
1305,,CC(C)COC=O
1306,,CCCCCOC=O
1308,,CCCCCCCCOC=O
1311,,C=COC=O
1312,,COC(C)=O
1313,,CCOC(C)=O
1314,,CCCOC(C)=O
1315,,CCCCOC(C)=O
1316,,CC(=O)OCC(C)C
1317,,CC(=O)OCCC(C)C
1318,,C=CCOC(C)=O
1319,,CC(=O)OC(C)C
1320,,CCC(C)OC(C)=O
1321,,C=COC(C)=O
1322,,CCC(=O)OC
1323,,CCOC(=O)CC
1324,,CCCOC(=O)CC
1326,,CCCCOC(=O)CC
1327,,CCCOC(=O)CCC
1331,,C=COC(=O)CC
1332,,CCCC(=O)OC
1333,,CCCC(=O)OCC
1336,,CCCOC(=O)C(C)C
1339,,CCCCCCCC(=O)OCC
1341,,C=CC(=O)OC
1342,,C=CC(=O)OCC
1343,,C=CC(=O)OCCC
1344,,C=CC(=O)OCCCC
1346,,CCCCOC(=O)CCCC
1347,,CCOC(=O)CC(C)C
1351,,C=C(C)C(=O)OC
1352,,C=C(C)C(=O)OCC
1353,,C=C(C)C(=O)OCCC
1354,,CCCCC(CC)COC(=O)c1ccccc1C(=O)OCC(CC)CCCC
1357,,CCCCCOC(C)=O
1358,,CCCCC(CC)COC(C)=O
1359,,CC(=O)OCc1ccccc1
1360,,CC(C)COC(=O)C(C)C
1361,,CC(C)CCOC(=O)CC(C)C
1363,,CCCCCCOC(C)=O
1364,,O=C(OCc1ccccc1)c1ccccc1
1365,,CCCCOC(=O)c1ccccc1
1366,,O=C1OCCO1
1367,,CCCCCCCOC(C)=O
1368,,CCCCCCCCOC(C)=O
1369,,CCCCCCCCCOC(C)=O
1370,,CCCCCCCCCCOC(C)=O
1373,,COC(=O)c1ccccc1O
1375,,CCCOC(=O)c1ccccc1C(=O)OCCC
1376,,CC(C)COC(=O)c1ccccc1C(=O)OCC(C)C
1377,,COC(=O)c1cccc(C(=O)OC)c1
1381,,COC(=O)c1ccc(C(=O)OC)cc1
1383,,CCCCCCCCCCCCCCCCCC(=O)OCCCC
1384,,CCCCOC(=O)CCCCCCCCC(=O)OCCCC
1385,,CCCCOC(=O)CCC
1386,,C=CC(=O)OCC(CC)CCCC
1387,,CC(=O)OCCOC(C)=O
1388,,C=C(C)C(=O)OCC(C)C
1389,,C=C(C)C(=O)OCCCC
1390,,COC(=O)c1ccccc1
1391,,CCOC(=O)c1ccccc1
1392,,CCOC(=O)OCC
1393,,CCOC(=O)C(=O)OCC
1394,,CCOC(=O)CC(=O)OCC
1395,,CCCCCCCCCC(=O)OC
1397,,COC(=O)C1CCC(C(=O)OC)CC1
1400,,CC1CCCO1
1401,,COC
1402,,CCOCC
1403,,CC(C)OC(C)C
1404,,CCCCOCCCC
1405,,COC(C)(C)C
1406,,CCC(C)OC(C)CC
1407,,CCOC
1408,,CCCOC
1409,,CCCCOC(C)C
1410,,COCC(C)C
1411,,COC(C)C
1412,,CCCCCCOCCCCCC
1413,,CCCCOC
1414,,C=COC=C
1415,,CCCOCC
1419,,c1ccc2c(c1)COC2
1420,,CC=Cc1ccc(OC)cc1
1421,,C1COCCO1
1422,,C1OCOCO1
1423,,CC(C)(C)OC(C)(C)C
1424,,CCCCCCCCOCCCCCCCC
1425,,CCCCCOCCCCC
1426,,CCC(C)OC
1427,,CCC(C)(C)OC
1429,,CCCCCOC
1430,,CCOC(C)(C)CC
1431,,COCOC
1432,,CCOC(C)OCC
1433,,CC(C)COC(C)C
1434,,CCOCC(C)C
1435,,c1ccc(OCC2CO2)cc1
1436,,CCOC(OCC)OCC
1437,,COO
1438,,CCOO
1440,,CC1(C)CO1
1441,,C1CO1
1442,,CC1CO1
1443,,C1COC1
1445,,C=COCC
1446,,CCCOCCC
1447,,C=COCCCC
1448,,CCCCOCC
1449,,CC(OC(C)c1ccccc1)c1ccccc1
1452,,C1CCOCC1
1453,,C=CCOCC=C
1454,,COCCOCCOCCOC
1455,,COCCOC
1456,,COCCOCCOC
1457,,COCCOCCOCCOCCOC
1458,,CCOCCOCCOCC
1459,,CCCCOCCOCCOCCCC
1460,,CCOCc1ccccc1
1461,,COc1ccccc1
1462,,CCOc1ccccc1
1464,,C=CCOCC1CO1
1465,,c1ccc(Oc2ccccc2)cc1
1466,,Cc1cccc(OC(C)C)c1
1468,,COC(C)OC
1470,,C=COC
1471,,CCC1CO1
1473,,CC(C)(C)OO
1477,,C1=CCOC1
1478,,c1ccoc1
1479,,C1CCOC1
1480,,c1ccc2c(c1)oc1ccccc12
1482,,CC(C)(C)OOC(C)(C)C
1485,,Cc1cc2ccccc2o1
1489,,COCC(C)OC
1490,,CCC(C)OC(C)(C)C
1491,,CC(C)COC(C)(C)C
1492,,CC1OCCO1
1889,,O=Cc1ccco1
1890,,CC(C)(O)C(=O)O
1895,,CC(=O)OC1CC(C)OC(C)O1
1897,,COCC(C)OC(C)=O
1898,,COCC(C)OCC(C)OC(C)=O
1899,,COC1CCC=CO1
1921,,O
1996,,OO
2043,,O=CCCCC=O
2083,,CCCCCC(=O)CC
2084,,CCCCC(=O)CCC
2085,,CCCCCCC(=O)CC
2087,,CCCCCC(=O)CCC
2088,,O=C1C=CCCC1
2089,,CC(C)CC(=O)CC(C)CC(C)C
2095,,CCCCCC(C)C(C)C
2096,,CCCCC(C)CC(C)C
2097,,CCCC(C)CCC(C)C
2098,,CCC(C)CCCC(C)C
2099,,CC(C)CCCCC(C)C
2112,,CCc1cccc(O)c1
2113,,Cc1cc(C(C)(C)C)c(O)c(C(C)(C)C)c1
2115,,OCCc1ccccc1
2117,,CC(C)CC(O)CC(C)C
2118,,CCC(O)c1ccccc1
2119,,CC(O)Cc1ccccc1
2120,,CC(CO)c1ccccc1
2121,,OCCCc1ccccc1
2181,,C[C@@H](O)c1ccccc1
2182,,Cc1ccc(CO)cc1
2183,,Cc1ccccc1CO
2184,,Cc1cccc(CO)c1
2195,,CC(C)(C)CC(C)(C)c1ccc(O)cc1
2196,,CCC(C)(C)c1ccc(O)cc1
2197,,CC(C)(c1ccccc1)c1ccc(O)cc1
2219,,CC(O)CC(C)O
2226,,C/C=C(\C)CC
2240,,C=CCCC(C)C
2249,,OCC1CCC(CO)CC1
2251,,C=C(C)CCCCCC
2252,,C=C(C)CCCCC
2258,,CC(C)(C)C(=O)O
2260,,CCCCC(CC)C(=O)O
2261,,CCCCCCC(=O)O
2262,,CCC(C)(C)C(=O)O
2263,,CCCC(C)(C)C(=O)O
2268,,O=C(O)/C=C/C(=O)O
2271,,O=C(O)/C=C/c1ccccc1
2279,,CCC(CC)C(=O)O
2283,,CC(C)Cc1ccc(C(C)C(=O)O)cc1
2285,,C=CC1CC=C(C)CC1
2298,,CC1=CC(=O)OC1=O
2305,,CCC(C)OC=O
2306,,CC(C)(C)OC=O
2307,,CCCCCCOC=O
2308,,CCCCCCCOC=O
2310,,C=C=CCCC
2311,,O=COC1CCCCC1
2321,,CC(=O)OC(C)(C)C
2332,,COC(=O)C(C)C
2337,,CCOC(=O)C(C)C
2343,,C=CC(=O)OC(C)C
2350,,O=COCc1ccccc1
2354,,C=CCOC(=O)C(=C)C
2364,,CC(=O)OC1CCCCC1
2367,,CC1COC(=O)O1
2370,,CC(=O)OCC(COC(C)=O)OC(C)=O
2375,,CCOC(=O)c1ccccc1C(=O)OCC
2376,,CCCCOC(=O)c1ccccc1C(=O)OCCCC
2377,,COC(=O)c1ccccc1C(=O)OC
2378,,CCOC(=O)CCC(=O)OCC
2379,,CCCCCCOC(=O)CCCCC(=O)OCCCCCC
2380,,CC(=O)OC(C)OC(C)=O
2382,,CCCCOC(=O)/C=C\C(=O)OCCCC
2386,,CCOC(=O)/C=C\C(=O)OCC
2387,,COC(=O)/C=C\C(=O)OC
2389,,C=CC(=O)OC(C)CC
2390,,C=COC(=O)C(C)(C)C
2391,,COC(=O)OC
2392,,CCCOC(=O)c1ccccc1
2405,,CC(C)COCC(C)C
2414,,C#CCCCCC
2415,,CCOC(C)C
2417,,CCCCCCOCC
2422,,C1COCOC1
2432,,CCOCOCC
2456,,CCOCCOCC
2478,,C1=COCC1
2522,,CCc1ccccc1C(C)C
2850,,CC1(C)C2CC[C@]1(C)C(=O)C2
2854,,CC(=O)CC(C)(C)O
2855,,OCc1ccco1
2859,,COc1ccc(O)cc1
2860,,COCCO
2861,,CCOCCO
2862,,CCCCOCCO
2863,,COCCOCCO
2864,,CCOCCOCCO
2873,,C=C(C)C(=O)OCCO
2874,,C=C(C)C(=O)OCCOC(=O)CC(C)=O
2875,,COC(=O)C(C)O
2876,,COC(C)CO
2883,,CC(=O)c1ccccc1O
2888,,CC(C)C(=O)OCC(C)(C)C(O)C(C)C
2889,,CC(=O)CO
2897,,CC(O)COC(C)C
3052,,CCCCCC(=O)CCCCC
3053,,CC(=O)C(C)=O
3054,,CC(C)=C=O
3056,,O=C1CCCCC1C1=CCCCC1
3105,,CCC(C)CCCCCO
3106,,CCCCC(CC)CCO
3107,,Cc1ccc(C(C)C)c(O)c1
3108,,Cc1cc(O)cc(C(C)C)c1
3109,,Cc1cc(O)ccc1C(C)C
3110,,OCC1CC=CCC1
3111,,CCCCCCCCCCCCCCCCCCCCCCO
3240,,CC1(O)CCC(C(C)(C)O)CC1
3251,,C=CCCCCC(C)C
3253,,Cc1cccc(C(=O)O)c1
3259,,C=CCCCCCC(C)C
3264,,O=C(O)C1CC1
3292,,CC(C)C(=O)OC(=O)C(C)C
3301,,CC(C)C(=O)OCC(C)(C)C(OC(=O)C(C)C)C(C)C
3302,,CC=CCOC(C)=O
3303,,C=CC(C)OC(C)=O
3304,,CCOC(=O)C(C)(C)C
3306,,O=C1OCc2ccccc21
3307,,C=CCOC(=O)C=C
3312,,CCOC(=O)Cc1ccccc1
3314,,CCCCC/C=C\C/C=C\CCCCCCCC(=O)OC
3316,,CC/C=C\C/C=C\C/C=C\CCCCCCCC(=O)OC
3317,,CCCCCOC(=O)CCC
3318,,CCCC(=O)OCCC(C)C
3319,,C=CC(OC(C)=O)OC(C)=O
3325,,CCCCCCCC(=O)OC
3328,,CCCCCCCCCC(=O)OCC
3329,,CCCCCCCCCCCC(=O)OCC
3343,,CCCCC(CC)COC(=O)c1ccccc1
3377,,COC(=O)CCC(=O)OC
3379,,CCCCC(CC)COC(=O)CCCCC(=O)OCC(CC)CCCC
3394,,COC(=O)CC(=O)OC
3545,,CCc1cc(CC)cc(CC)c1
3714,,CCCCCc1cccc2ccccc12
3850,,CCCCC(CC)COCCO
3854,,COCC(C)O
3855,,COC(C)COC(C)CO
3856,,CC(O)COC(C)(C)C
3857,,COC(C)COC(C)COC(C)CO
3858,,CC(CO)OC(C)(C)C
3859,,CCCOCCOCCO
3861,,CCCCOCCOCCOCCO
3862,,CCOCCOCCOCCO
3863,,C=CCOCC(C)O
3864,,OCC1CO1
3865,,CCCCCCOCCO
3866,,CCCCCCOCCOCCO
3868,,CCCOCC(C)OCC(C)O
3869,,CCCOCC(C)O
3870,,CCCCOCCOCCOC(C)=O
3891,,CCOCC(C)OCC(C)O
3892,,CCOCC(C)OCC(C)OCC(C)O
3894,,CCOCC(C)O
3897,,COC(=O)CO
3899,,C=C(C)C(=O)OC(C)(C)C
4849,,COc1cc(C(C)=O)ccc1O
4850,,COc1cc(C=O)ccc1O
4854,,COc1ccccc1O
4855,,CCCOCCO
4857,,CCCCOCCOCCO
4875,,COCC(=O)O
5848,,CC(=O)C(=O)O
5883,,CCOC(=O)C(C)O
5884,,CCOCCOC(C)=O
5885,,CCOCCOCCOC(C)=O
5886,,COC(=O)CC(C)=O
5887,,CCOC(=O)CC(C)=O
6870,,CCCCOCCOC(C)=O
6885,,CCOCCC(=O)OCC
7850,,C=CC(=O)OCC(C)O
7853,,C=C(C)OC(C)=O
7855,,CCCCCOCCO
7858,,COCC(C)=O
7863,,CC(C)(CO)COC(=O)C(C)(C)CO
7864,,CCCCOCCOCCOCCOCCO
7865,,COC(=O)c1ccc(C)cc1
7868,,CC(=O)Oc1ccccc1
7871,,CCCCOCC(C)O
7874,,CCCCC(CC)C(=O)OCCOCCOCCOC(=O)C(CC)CCCC
7878,,CC(=O)CC(=O)OC(C)(C)C
7890,,CCC(=O)OC(C)COC
7892,,CCOC(=O)CCC(C)=O
9851,,CC(=O)C(C)O
9869,,CCOCCOCCOCCOCCO
9872,,COC(=O)C(C)(C)O
9873,,COC(=O)C(C)(C)OC
9875,,COc1cccc(OC)c1O
New0,463.15,CCC(C)C(CC)(CC)CC
New1,598.15,C1CCCCCCCCCCCCCCCCC1
New2,463.15,CCCC(C(C)CC)C(C)(C)C
New3,631,CCCCCCCCCCCCCCCCCCCO
New4,455.15,CCC(C)CCC(CC)CC
New5,697.15,CCCCCCCCCCCCCCCC(C1CCCCC1)C1CCCCC1
New6,465.15,CC(C)CCC(C)CCC(C)C
New7,695.25,CCCCCCCCCCCCCCCCCCCCCCCCCCC
New8,508.21,CCC(CO)C(C)CO
New9,554.66,CCCCCCCCCC1CCCCC1
New10,370,CC1CCOC1C
New11,420.15,CCC(C)(C)C(C)O
New12,460.31,CCCC(=O)OCC(C)(C)C
New13,442.66,CCC(C)(CC)C(C)(C)C
New14,437.06,CCC(CC)C(CC)CC
New15,390.85,C=C(CCC)CCC
New16,470.15,CCCC(C)(C)C(C)C(C)CC
New17,467.15,CCCC(C)(C)C(CC)C(C)C
New18,605.15,CCCCCCC(C1CCCCC1)C1CCCCC1
New19,433.36,CCCCC(C)(C)C(C)C
New20,610.15,CCCCCCCCCCCCCCCCCC=O
New21,454,CCC(C)C(C)CCO
New22,437.85,CCCC(O)C(C)CC
New23,411.15,CCC(CC)C(C)=O
New24,437.75,CCC(C)C(C)(C)C(C)C
New25,567.15,CCCCCCCCCC(O)CO
New26,774.15,CCCCCCCCCCCCCCCCCCCCCCCCCCCCCCCC1CCCC1
New27,479.15,CC(C)C(C)(C)C(C)(C)C(C)C
New28,410.15,CCC1C(C)CCC1C
New29,744.15,C#CCCCCCCCCCCCCCCCCCCCCCCCCCCCCCCC
New30,783.15,C=CCCCCCCCCCCCCCCCCCCCCCCCCCCCCCCCCCCCC
New31,382.15,CCC1CCCO1
New32,559.15,C1CCCCCCCCCCCCCC1
New33,482,CCCCC(O)CC(C)CC
New34,475.15,CCCC(C)CCCCC(C)C
New35,397.25,CC(C)CCOC=O
New36,453.15,CCCC(C)CC(CC)CC
New37,475.15,C1CCCCCCCCC1
New38,675.05,CCCCCCCCCCCCCCCCCCCCCCCCC
New39,332.85,CC1C(C)C1C
New40,467.15,CCC(C)c1cccc(C)c1
New41,478.15,CCC(C)CCCCC(C)CC
New42,431.36,CCC(C)CC(CC)CC
New43,510.15,Cc1ccc(O)c(C)c1C
New44,464,CCCCC(C)(O)CC(C)C
New45,425.15,CCCC(C)C(C)O
New46,443.65,CC(C)CC(C)(C)C(C)(C)C
New47,497.3,CCCCCCCC1CCCC1
New48,500,CCc1c(C)ccc(C)c1O
New49,460.44,C=Cc1ccccc1CC
New50,470,CC(C)(O)CC(C)(C)O
New51,525.85,CCC(C)(O)C(C)(C)O
New52,447,CC(O)C(=O)O
New53,464,CCCCC(C)(O)C(C)CC
New54,544.15,OCCCCCCCCO
New55,436.86,CCCC(C)(CC)C(C)C
New56,383.45,C=C(CC)CC(C)C
New57,464.15,CCCCC(C)(CC)CC(C)C
New58,510.15,CCCCCCCCC1=CCCC1
New59,473.15,CCC(C)C(CC)(CC)C(C)C
New60,510,CC(C)Cc1cccc(O)c1
New61,450,CCC(C)CC(C)(O)CC
New62,482.05,CCCc1ccc(C)c(C)c1
New63,498.95,CCC(C)(CO)CO
New64,444.15,CCC(C)(C)C(O)C(C)C
New65,472.15,CCCCCC(O)(CC)CC
New66,777,OC[C@H](O)[C@@H](O)[C@H](O)[C@H](O)CO
New67,600.82,CCCCCCCCCCCOC(=O)CCC
New68,500.15,CCc1cccc(O)c1C
New69,468.15,CCC(C)CC(C)CC(C)CC
New70,396.45,CCC=CCCCC
New71,608.15,CCCCCCCCCCCCCCCC1=CCCC1
New72,378.66,CC(C)OC(C)(C)C
New73,471.15,CCCC(C)(CCC)C(C)(C)C
New74,531.15,Cc1ccc(O)c(O)c1
New75,783.86,CCCCCCCCCCCCCCCCCCCCOC(=O)CC
New76,597.15,CCCCCCCCCCCCCCCCCO
New77,438.15,CC(C)C(C)(C)C(C)O
New78,472.15,CCC(C)CC(CC)(CC)CC
New79,435.05,CC#CCCCCCC
New80,554.15,CCCCCCCCCCCC(C)CC(C)C
New81,538.16,Cc1cccc2c(C)cccc12
New82,465.15,CCCC(O)(C(C)C)C(C)C
New83,449.15,CCC(CC)C(C)CC(C)C
New84,805.15,CCCCCCCCCCCCCCCCCCCCCCCCCCCCCCCCCCCCC1CCCC1
New85,793.15,C#CCCCCCCCCCCCCCCCCCCCCCCCCCCCCCCCCCCCCCC
New86,496.94,CC(CO)CCCO
New87,413.76,CCCC(C)(CC)CC
New88,612.15,CCCCCCCCC1CCc2ccccc2C1
New89,465.15,CCC(C)(C)C(C(C)C)C(C)C
New90,463,CC(C)CCC(O)C(C)(C)C
New91,447.65,CCC(C)C(C)(C)CO
New92,425.15,CCC(CC)C(C)O
New93,464.15,CCCCC(C)CCC(C)(C)C
New94,395.15,CCC(C)=C(C)CC
New95,487,CCCCCCCC(C)(C)O
New96,423.65,CCC1(CC)CCCC1
New97,505,CCc1cccc(O)c1CC
New98,407.15,CCC1CCC(C)(C)C1
New99,502.15,CCCc1cccc(O)c1
New100,394.92,CCCC(C)=C(C)C
New101,793.15,CCCCCCCCCCCCCCCCCCCCCCCCCCCCCCCCCCC1CCCC1
New102,503.47,CCCCCCCC(O)CCO
New103,475.15,CCCCCC(C)C(C)CCC
New104,480.75,CCCc1c(C)cccc1C
New105,442.7,CC(C)(OO)c1ccccc1
New106,341.02,CC=CCCC
New107,453,CCC(CC)CCCO
New108,473.6,Cc1ccccc1C(C)(C)C
New109,406.05,CCCC(C)CC(C)C
New110,453.15,CCCC(CC)C(CC)CC
New111,465.57,C=Cc1cccc(C)c1C
New112,508.55,Cc1cc(C)c(O)cc1C
New113,543.15,CCc1cccc2ccc(C)cc12
New114,631,OCC(CO)(CO)CO
New115,453.15,CCCC(C)(CCC)C(C)C
New116,544.15,CCC#CCCCCCCCCCCC
New117,483.15,CCCCCCCOC(=O)CC
New118,293.78,CC1(C)CC1
New119,361.15,CC1(C)CC=CC1
New120,481.95,CCc1cccc(CC)c1C
New121,466.15,CCCCCC(O)CCC
New122,521.15,Cc1cc(C)c(C)c(O)c1C
New123,557.15,CCCCCCCCCCCC1=CCCC1
New124,341.15,CC1CCC1C
New125,399.66,CCC(O)C(C)C
New126,532.15,CCc1c(C)cc(O)cc1C
New127,467.15,CCCC(CC)(CC)CC(C)C
New128,474.15,CCC(CC)C(C)(C)C(C)(C)C
New129,460.15,CCC(C)C(O)C(C)CC
New130,465.15,CCC(CC)CC(C)CC(C)C
New131,473.15,CCC(C(C)(C)C)C(C)(C)CC
New132,525.95,C1CCC(CC2CCCCC2)CC1
New133,585.15,CCCCCCCCCCCCCCCC(C)C
New134,389.41,CC(C)=C(C)C(C)C
New135,501.15,CCC1CCC2CCCCC2C1
New136,503.15,CCc1ccc(O)cc1C
New137,372.15,CC1(C)CCOC1
New138,430.95,CCC(CC)C(C)(C)O
New139,439.21,CC(C)C(C)(C)C(C)(C)C
New140,401.15,CC1=CCCC(C)C1
New141,539.46,Cc1ccc2ccccc2c1C
New142,421.46,CCCC(C)CC(C)(C)C
New143,459.15,CCCCCC(C)CCCC
New144,452.15,CCC(C)C(C)C(C)C(C)C
New145,456.15,CC(C)CCCCCC(C)C
New146,463.15,CCCC(C)c1ccccc1
New147,466.15,CCCC(C)(CC)CCC(C)C
New148,448,CCC(CC)C(C)CO
New149,540,OCCOCCOCCO
New150,462.85,CCC(C)(C)CCC(C)(C)CC
New151,713.15,CCCCCCCCCCCCCCC=C(c1ccccc1)c1ccccc1
New152,462.15,CCC=Cc1ccccc1
New153,382.15,C=CCC(C)C(C)C
New154,452.15,CCCC(CC)C(C)C(C)C
New155,446.15,CCC(C)(O)CCC(C)C
New156,659.15,CCCCCCCCCCCCCCCCCCC(=O)O
New157,791.15,CCCCCCCCCCCCCCCCCCCCCCCCCCCCCCCCCCCCCCC
New158,350.15,C=CC(C)=CC
New159,548.15,Cc1cc(C)cc(-c2ccccc2)c1
New160,715.22,CCCCCCCCCCCCCCCCOC(=O)CCC
New161,444.15,CC(CO)CC(C)(C)C
New162,617,CCCCCCCC/C=C\CCCCCCCC(=O)OC
New163,465.15,CCCC(CC)CC(C)O
New164,474.15,CCCC(CC)C(C)(CC)CC
New165,506.65,CCCc1ccc(O)cc1
New166,398.15,CC=CCCCCC
New167,440.15,CC(C)(C)C(O)C(C)(C)C
New168,454,CC(C)CCCCC(C)O
New169,466.15,CCC(CC)CCCC(C)(C)C
New170,714.15,CCCCCCCCCCCCCCCCCCCCCCC1CCCCC1
New171,361.15,CCC(CC)OC
New172,471.15,CCCCCC(CC)CC(C)C
New173,448.15,CCC(C)CC(C)CO
New174,720.15,CCCCCCCCCCCCCCCCCCCCCCCCC1CCCC1
New175,413.15,CCC(C)(O)C(C)C
New176,536.15,CC=CCCCCCCCCCCC
New177,551.15,CCCCCCCCCCCCC(C)=O
New178,412.15,CCC(C)C(C)(C)O
New179,436.96,CCCCC(C)(CC)CC
New180,487,CC(C)CCCCCC(C)O
New181,475.15,CCC(C)(C)CC(C)(CC)CC
New182,747.15,CCCCCCCCCCCCCCCCCCCCCCCCCCC1CCCCC1
New183,554.15,Cc1cccc2ccc(C(C)C)cc12
New184,460.85,CC(C)CCCCCO
New185,799.15,CCCCCCCCCCCCCCCCCCCCCCCCCCCCCCCCCCCC1CCCC1
New186,559.15,CCC#CCCCCCCCCCCCC
New187,429.15,CCCCC1=CCCC1
New188,425.31,CCC1(C)CCCCC1
New189,469.15,CCCCC(C)(C)C(C)C(C)C
New190,538.15,CCCCCCCCCCCCOC(C)=O
New191,573.15,C1CCCCCCCCCCCCCCC1
New192,477.15,CCC(CC)(CC)C(C)C(C)C
New193,469.15,CCCCCC(CC)C(C)(C)C
New194,564.69,CCc1cccc(Cc2ccccc2)c1
New195,585.41,Cc1ccc2c(C)c(C)c(C)cc2c1
New196,455,CC(C)(C)CCCCCO
New197,494.25,CC(C)(O)CCCCO
New198,449.15,CCCC(C)(C)C(CC)CC
New199,450.15,CCCC(C(C)C)C(C)CC
New200,466.15,CCCC(CC)C(C)C(C)(C)C
New201,419.15,CCCC1(C)CCCC1
New202,459.15,CCCCC(C)CCO
New203,562.78,CCCCCC1CCCc2ccccc21
New204,450.15,CCCCC(C)(C)CCCC
New205,637.16,CCCCCCCCCCCCCCCCC1CCCC1
New206,516.86,CCCCCCCCC1CCCC1
New207,378.95,CC1=C(C)CCC1
New208,396.58,CC1CCCCC1C
New209,453.15,CCCC(CC)C(C)(C)CC
New210,435,CC(O)CC(C)C(C)C
New211,585.41,CCc1ccc2c(C)ccc(C)c2c1
New212,594.15,CCCCCCCCCCCCCCC(C)CC(C)C
New213,434.26,CCC(C)(CC)CC(C)C
New214,468.15,CCCC(C(C)C)C(CC)CC
New215,481.15,CC1CCC2CCCCC2C1
New216,475.55,CC(O)C(C)(C)CO
New217,483,CCC(C)CCCC(C)CO
New218,517.03,CCC(O)CC(C)(C)O
New219,508.15,CCCCCCCCCC(C)O
New220,388,COC(=O)C1CC1
New221,349.15,C=C(C)C=CC
New222,693.15,CCCCCCCCCCCCCCCCCCC(O)CO
New223,406.15,CCC1CC=CCC1
New224,360.71,CC=CC(C)CC
New225,553.15,Cc1cc(C)c2cc(C)ccc2c1
New226,543.15,Cc1cccc2cccc(C)c12
New227,375.62,CC1C=CCCC1
New228,485.72,CCCCCCCCCOC=O
New229,463.15,CCC(C)(C)C(O)C(C)(C)C
New230,463.15,CCCC(C)(C)CCC(C)CC
New231,550.16,CCc1cc2ccccc2cc1C
New232,514,O=C1CCCCCO1
New233,453.15,CCC(C)(CC)C(C)C(C)C
New234,572.16,C#CCCCCCCCCCCCCCCC
New235,433.15,CC(C)CC(C)C(C)O
New236,569.15,Cc1ccc(Cc2ccccc2)c(C)c1
New237,463.95,CC(C)CCC(C(C)C)C(C)C
New238,768.15,CCCCCCCCCCCCCCCCCCCCCCCCCCCCCC1CCCCC1
New239,398.15,CC(=O)CC(C)(C)C
New240,759.15,C#CCCCCCCCCCCCCCCCCCCCCCCCCCCCCCCCCC
New241,385.15,C=CC(C)(CC)CC
New242,547.15,CCc1ccc(C)c2ccccc12
New243,461.15,CC(C)C(C)c1ccccc1
New244,473.15,CCCCC(C)C(C)(CC)CC
New245,381.46,C=C(C)C(C)(C)CC
New246,557.44,CCCC(c1ccccc1)c1ccccc1
New247,585.41,CCc1ccc2ccc(C)c(C)c2c1
New248,469.15,CCC(C)CC(C)C(C)(C)CC
New249,415.95,CCCC(C)(O)CC
New250,451.15,CCCCCCC(C)(C)O
New251,384.65,C=C(CC)C(C)CC
New252,470.15,CCC(C)CC(C)C(CC)CC
New253,538.36,Cc1cc(C)c2ccccc2c1
New254,455.15,CC(C)CC(C)(O)CC(C)C
New255,498.15,CCC12CCCCC1CCCC2
New256,553.15,CCCCCCCCCCOC(=O)CCC
New257,430.66,CCCC(CCC)CCC
New258,463.15,CCCCC(C(C)C)C(C)(C)C
New259,482,CCCCCC(O)CC(C)C
New260,425.96,CCC(C)(C)CCC(C)C
New261,409.16,CCC(C)CCC(C)C
New262,468.15,CCCCC(C)C(C)C(C)(C)C
New263,469.15,CCC(C)C(CC)C(C)C(C)C
New264,555.06,CCCCCCCCCCOC(=O)CC
New265,715.22,CCCCCCCCCCCCCCCCCOC(=O)CC
New266,617.15,CCCCCCCC(C1CCCCC1)C1CCCCC1
New267,535.15,CCCCCCCOCCCCCCC
New268,585.41,Cc1ccc2c(C)ccc(C)c2c1C
New269,780.15,C#CCCCCCCCCCCCCCCCCCCCCCCCCCCCCCCCCCCCC
New270,703.15,CCCCCCCCCCCCCCCCCCCCCCC1CCCC1
New271,467.15,CCC(C)CCC(C)CC(C)C
New272,420.15,CCC1CC(C)C(C)C1
New273,687.15,CCCCCCCCCCCC=C(c1ccccc1)c1ccccc1
New274,487,CCC(C)CCCCC(C)O
New275,454.15,CCCC(C)(O)CC(C)(C)C
New276,491.15,CCc1cccc(CC)c1O
New277,426.15,CCC(O)CC(C)(C)C
New278,546.15,CCc1c(C)ccc2ccccc12
New279,515,CCc1cc(C)c(C)cc1O
New280,405.15,CC(=O)C(C)C(C)C
New281,465.91,Cc1ccc(C(C)(C)C)cc1
New282,467.15,CCCC(CCC)CC(C)CC
New283,364.55,CC1C=CC(C)C1
New284,561.15,Cc1cccc(C(C)c2ccccc2)c1
New285,460.15,CCC(C)(C)C(C)(C)C(C)C
New286,541.16,C#CCCCCCCCCCCCCC
New287,464.15,CCCCCC(C)CC(C)(C)C
New288,368.56,CCCC=C(C)C
New289,679.15,CCCCCCCCCCCCCCCCCC(O)CO
New290,556.15,Cc1ccc(-c2cccc(C)c2)cc1
New291,437.43,CCC(=O)OCC(C)(C)C
New292,515.16,c1ccc2cccc-2cc1
New293,411.16,CCCC(CC)C(C)C
New294,477.15,CCCCCCC(C)(CC)CC
New295,458.15,CCC(C)CC(C)(C)CC(C)C
New296,439,CCC(C)C(C)(O)C(C)C
New297,767.15,CCCCCCCCCCCCCCCCCCCCCCCCCCCCCCC1CCCC1
New298,459.15,CCCC(CC)(CC)C(C)C
New299,586.15,OCCCCCCCCCCCO
New300,380.31,CCC#CCCC
New301,481.15,CCCCc1ccccc1C
New302,364.95,CC12CCCC1C2
New303,478.15,CCCC(C)(C)C(C)(CC)CC
New304,485.43,CC(O)CCCCCO
New305,443.15,CCC(CC(C)C)C(C)(C)C
New306,660.15,CCCCCCCCCCCC(C1CCCCC1)C1CCCCC1
New307,510,CCC(C)c1cccc(O)c1
New308,343.6,CC=C(C)CC
New309,429.36,CC(C)C(C)C(C)C(C)C
New310,475.15,CCCCCCC(C)(C)C(C)C
New311,438.15,CC(C)C(C)CCO
New312,475.15,CCCCCC(CC)CCCC
New313,473.15,CCCCCC(C)C(C)C(C)C
New314,585.41,CCc1ccc2c(CC)cccc2c1
New315,436.8,CCCCC(CC)CCC
New316,529.15,CCC(O)CCCO
New317,634.15,CCCCCCCCCCCCCCCCCCCC=O
New318,354.76,C=C(C)CC(C)C
New319,585.41,Cc1cc(C)c2c(C)ccc(C)c2c1
New320,475.15,CCC(C)C(C)(C)C(CC)CC
New321,522.15,CCCCC(O)CCO
New322,684.15,CCCCCCCCCCCCCCC(c1ccccc1)c1ccccc1
New323,556.15,CCCCCCCCCCCCCC=O
New324,471.15,CCCC(CC)C(C)C(C)CC
New325,453.15,CC(O)C(C)(C)C(C)(C)C
New326,463.15,CCC(C)(C)C(C)C(C)(C)O
New327,478.15,CC12CCCCC1CCCC2
New328,528.45,Cc1ccccc1-c1ccccc1
New329,452,CCC(CC)C(O)C(C)C
New330,529.15,C1CCCCCCCCCCCC1
New331,383.75,CCC(C)C=C(C)C
New332,366.69,CCC=C(C)CC
New333,580.15,CCCCCCCCCCCCCCC(C)=O
New334,552.54,CCCCCCCCCCC1CCCC1
New335,463.15,CCCC(C)CCCC(C)(C)C
New336,500,CCc1cc(C)cc(O)c1C
New337,343.15,C=C=CC(C)C
New338,472.15,CCC(CC)CCC(C)C(C)C
New339,485,CC(C)(C)CCCCCCO
New340,762.15,C=CCCCCCCCCCCCCCCCCCCCCCCCCCCCCCCCCC
New341,468.15,CCCCC(C)(CCC)CCC
New342,463.15,CCCC(C)(CC)CC(C)CC
New343,529.55,CCCC1CCCc2ccccc21
New344,562.16,CCCCc1ccc2ccccc2c1
New345,462.15,CCCC(C)(CCC)CC(C)C
New346,510,CC(C)Cc1ccccc1O
New347,553.15,CCCCCCCCC(O)CO
New348,508.21,CCC(C)C(CO)CO
New349,466.15,CCC(CC)C(CC)CC(C)C
New350,787.15,CCCCCCCCCCCCCCCCCCCCCCCCCCCCCCCCCC1CCCC1
New351,446.25,CCCC(C)(O)C(C)(C)C
New352,753.15,CCCCCCCCCCCCCCCCCCCCCCCCCCCCC1CCCC1
New353,385.15,CC#CCCCC
New354,468.15,CC(C)C(C)C(C)C(C)C(C)C
New355,399.2,CCCCCCOC
New356,455.15,CCCCCCC(C)(C)CC
New357,901.15,CCCCCCCCCCCCCCCCCCCCCCCCCCCCCCCCCCCCCCCCCCCCCCCCCCCCCCCCCCCCCC
New358,528.15,CCC1CCCC2CCCCC12
New359,692.34,CCCCCCCCCCCCCCCOC(=O)CCC
New360,581.91,CCCC=C(c1ccccc1)c1ccccc1
New361,561.15,Cc1ccc(CCc2ccccc2)cc1
New362,379.15,CC=CC(C)(C)CC
New363,384.15,C=CC(C)CCCC
New364,553.15,Cc1ccc2c(C)cc(C)cc2c1
New365,444,CC(C)C(C)(C)CCO
New366,460,CCC(O)(CC)CC(C)(C)C
New367,483.15,CCC(C)(CC)C(C)(CC)CC
New368,440.75,CCCCC(O)C(C)C
New369,627.15,CCCCCCCCCCCCCCCCCC(C)O
New370,371.1,CC=CCCCC
New371,406.96,CCC(CC)CC(C)C
New372,640.15,CCCCCCCCCC(C1CCCCC1)C1CCCCC1
New373,637,O=C1C(O)=C(O)OC1C(O)CO
New374,465.15,CCC(C)CCC(C)(O)CC
New375,455,CCCC(O)CC(C)CC
New376,567,CCOc1cc(C=O)ccc1O
New377,385.15,CC=C(C)C(C)(C)C
New378,486.15,CC(C)CCC(CO)C(C)C
New379,541.15,CCCCCCCCCCCC(C)O
New380,470.15,CCC(C)(CC)C(C)CC(C)C
New381,471.15,CCCCC(C)C(C)(C)CCC
New382,331.75,CC=CC(C)C
New383,447.15,CCC(C)CCCC(C)(C)C
New384,404.25,CC1=CCCCC1C
New385,539.45,CCCCCCCCCCCC(C)CC
New386,598.56,CCCCCCCCCCCCCC1CCCC1
New387,517.03,CCC(C)(O)C(C)CO
New388,475.2,CCC(CO)CO
New389,483,CCCCCCCC(O)CC
New390,449.15,CCC(CCC(C)C)C(C)C
New391,367.65,Cc1ccoc1C
New392,406.15,CC1(C)CCCC1(C)C
New393,353.95,C=CC(C)C(C)C
New394,444.15,CCCCC(C)(C)CC(C)C
New395,613.15,CCCCCCCCC(O)CCCO
New396,452.15,CCC(CC)C(CC)C(C)C
New397,350.63,C=CC(C)(C)CC
New398,621.15,CCCCCCCCCC1CCCc2ccccc21
New399,455.15,CCCCCC(CC)C(C)C
New400,451.15,CCCCCC(C)(C)CCC
New401,467.15,CCCC(C)CC(CC)C(C)C
New402,517.03,CC(O)CCC(C)(C)O
New403,454.15,CCC(C)C(C)C(C)(C)CC
New404,462.15,CCC(C)(CC)CCC(C)(C)C
New405,458.15,CCC(C)CC(C)CC(C)(C)C
New406,388.15,CCC=CCC(C)C
New407,670.15,CCCCCCCCCCCCC(C1CCCCC1)C1CCCCC1
New408,509.85,CCCC(C)(CO)CO
New409,510.15,CC(O)CCCCO
New410,421.04,CC(C)C(C)CC(C)(C)C
New411,429.25,CCCC(O)C(C)(C)C
New412,920.15,CCCCCCCCCCCCCCCCCCCCCCCCCCCCCCCCCCCCCCCCCCCCCCCCCCCCCCCCCCCCCCCCCCCC
New413,375.15,CC1=CCCC1C
New414,443.16,CC=Cc1ccccc1
New415,472.15,CCCCC(CC)C(CC)CC
New416,535,C(=Cc1ccccc1)c1ccccc1
New417,430.15,CCC(C)(CC)CO
New418,467.15,CCCC(CC)CC(C)C(C)C
New419,442,CC(C)C(O)CC(C)(C)C
New420,650,CCCCCCCCCCCCCCCCCCCCOC(C)=O
New421,584.15,CCCCCCCCCCCCCCCC=O
New422,453.15,CCCCC(C)CC(C)CC
New423,719.15,C#CCCCCCCCCCCCCCCCCCCCCCCCCCCCC
New424,458.15,CCC(C)(CC(C)C)CC(C)C
New425,467,CCCCCC(O)C(C)(C)C
New426,463.15,CCC(C)CC(CC)CC(C)C
New427,393.76,CCCC(C)OC=O
New428,368.33,CC=C(C)CCC
New429,465.15,CCCCCC(C)(C)CO
New430,662.15,CCCCCCCCCCCCCCCCCc1ccccc1
New431,432.15,CC(C)CC(O)C(C)C
New432,490,OOC1CCCCC1
New433,475.15,CCCCCC(C)C(C)(C)CC
New434,463.15,CCCCC(O)CC(C)(C)C
New435,476.15,CCCCCCCC(C)(C)CC
New436,536.16,Cc1ccc2cccc(C)c2c1
New437,509,CC1=C(C)C(C)c2ccccc21
New438,501.15,CCc1cc(C)c(O)c(C)c1
New439,639.15,CCCCCCCCCCCCCCCCCCC(C)O
New440,508.21,CCCC(O)CC(C)O
New441,394.15,CCCC=C(C)CC
New442,310.08,CC=CCC
New443,729.15,CCCCCCCCCCCCCCCCCCCCCCCCCC1CCCC1
New444,489.15,CCC(C)(C)C(C)(C)C(C)(C)C
New445,457.95,CC(C)CCC(C)CC(C)(C)C
New446,690.15,CCCCCCCCCCCCCCCCC(O)CCO
New447,451.55,C1CCCCCCCC1
New448,451.15,CCC(C)(CC)CCC(C)C
New449,387.45,CC=C(CC)C(C)C
New450,462,CCCCC(CO)CCC
New451,473.15,CCCCCC(C)(C)C(C)CC
New452,468.25,CCCCC(O)CCCC
New453,598.15,CCCCCCCC1CCc2ccccc2C1
New454,453.15,CC(C)C(CC(C)(C)C)C(C)C
New455,471.15,CCCC(C)CCC(C)C(C)C
New456,470.65,CCC(C)CC(C)(CC)C(C)C
New457,585.41,CCc1ccc2ccccc2c1CC
New458,513.15,CCCCCCCCCCC(C)(C)C
New459,673.15,CCCCCCCCCCCCCCCCCCCC1CCCC1
New460,455.15,CCCC(C)C(C)(C)C(C)C
New461,470.15,CCCC(C)C(C)C(C)C(C)C
New462,353.15,C#CC(C)C(C)C
New463,452,CCC(CC)C(C)(O)CC
New464,434.76,CCC(C)(C)C(C)C(C)C
New465,390.39,CC1(C)CC=CCC1
New466,465.57,C=Cc1cc(C)cc(C)c1
New467,457.25,CCCC(O)(CC)C(C)C
New468,612.16,CCCCCCCCCCCCCCC1CCCC1
New469,473.15,CCC(C)C(C)(C)C(C)C(C)C
New470,904.15,CCCCCCCCCCCCCCCCCCCCCCCCCCCCCCCCCCCCCCCCCCCCCCCCCCCCCCCCCCCCCCC
New471,503,CCCCCCCCC(=O)OCCCC
New472,832,O=C(O)c1ccc(C(=O)O)cc1
New473,474.15,CCCCC(C)C(C)(C)C(C)C
New474,505.76,CCC(O)C(C)(C)O
New475,451.15,CCCCC(CCC)C(C)C
New476,737.15,CCCCCCCCCCCCCCCCCCCCCCCCCCC1CCCC1
New477,463.15,CCCCC(CC(C)C)C(C)C
New478,482,CCCCCCC(C)(O)CC
New479,470.15,CCC(C)(C)C(C)C(C)C(C)C
New480,461.15,CCCCCCC(CC)CC
New481,476.26,CCCCCCC1CCCC1
New482,467.15,CCC(C)CC(C)CCC(C)C
New483,427.26,CCC(CC(C)C)C(C)C
New484,426.75,CCC(C)CC(O)CC
New485,525.15,CCCCCCC(O)CO
New486,444.55,CCCC(C)(O)CC(C)C
New487,469.15,CCCC(C)CC(C)(CC)CC
New488,474.15,CCC(C)CCCC(C)C(C)C
New489,401.65,CC1=CCC(C)CC1
New490,455.35,CCCCC(O)(CC)CC
New491,473.15,CC(O)C(C)CO
New492,473.74,CCCC(CO)C(C)C
New493,480,CC(C)(CO)CCO
New494,474.15,CCCc1cccc(CC)c1
New495,473.15,CCC(CC)C(C)C(CC)CC
New496,445.95,CC(C)(O)C(C)(C)O
New497,462.25,CCCCCC(C)(O)C(C)C
New498,441.9,CCCCCOC(=O)CC
New499,455,CCC(C)(C)C(O)CC(C)C
New500,463.15,CCCCC(C)CC(C)(C)CC
New501,553.15,Cc1ccc2c(C)c(C)ccc2c1
New502,466.15,CC(CCO)CC(C)(C)C
New503,497.74,CCC(O)C(CC)CO
New504,409.15,CCCC(=O)OC(C)(C)C
New505,418.15,CCC1CC(C)CC1C
New506,623,CCCCCCCCCCCCCCCOC=O
New507,477.15,CC(C)CC(CO)CC(C)C
New508,524.15,CCCCCCCCCC(C)CC(C)C
New509,573.15,C=C(C)CCCCCCCCCCCCCC
New510,578.15,CCCCCCCCC(O)CCO
New511,447.35,CC(C)C(C)(O)C(C)(C)C
New512,407,CC(C)C(=O)C(C)(C)C
New513,641.15,CCCCCCCCCCC(O)CCCO
New514,459.15,CC(C)(C)Cc1ccccc1
New515,669.46,CCCCCCCCCCCCCCCOC(=O)CC
New516,443.15,CCCC(C)(CC)CC(C)C
New517,455,CCC(C)C(O)CC(C)(C)C
New518,754.15,CCCCCCCCCCCCCCCCCCCCCCCCCCCC1CCCCC1
New519,390.97,CC(C)(C)COC=O
New520,482,CCCCCC(CC)CCO
New521,381.15,C=C(C)C(C)C(C)C
New522,469.15,CCCCC(CC)CCC(C)C
New523,923.15,CCCCCCCCCCCCCCCCCCCCCCCCCCCCCCCCCCCCCCCCCCCCCCCCCCCCCCCCCCCCCCCCCCCCC
New524,469.15,CCCC(C)CC(CC)CCC
New525,390.15,CCCC(C)C=O
New526,473.15,CCCCCCC(C)C(C)(C)C
New527,467.15,CCC(C)(CC(C)C)C(C)(C)C
New528,482.15,CCCCCCCC(C)CCC
New529,463.15,CCCCC(C)(C)CCC(C)C
New530,789.15,CCCCCCCCCCCCCCCCCCCCCCCCCCCCCCCCCc1ccccc1
New531,470.15,CCCC(C)C(CC)C(C)CC
New532,368.15,Cc1coc(C)c1
New533,461,CCC(C)(CC)C(C)(C)O
New534,395.75,CCCCC=C(C)C
New535,451,CCCCC(O)C(C)(C)C
New536,463.15,CCC(CCC(C)C)C(C)(C)C
New537,572.15,OCCCCCCCCCCO
New538,409.15,CCC1(C)CCC(C)C1
New539,457.75,CCCC(CC(C)C)CC(C)C
New540,453.76,CCCCCC1CCCC1
New541,614.15,OCCCCCCCCCCCCCO
New542,438.15,CC1CCCCC1O
New543,714.52,CCCCCCCCCCCCCCCCCCCOC=O
New544,761.15,CCCCCCCCCCCCCCCCCCCCCCCCCCCCC1CCCCC1
New545,478.65,CC(C)(C)C(O)CO
New546,546.28,CCCCC1CCCc2ccccc21
New547,434.36,CCCCCC(C)(C)CC
New548,646.58,CCCCCCCCCCCCCOC(=O)CCC
New549,688.15,CCCCCCCCCCCCCCC(C1CCCCC1)C1CCCCC1
New550,394.35,CCC1CCCC1C
New551,432.56,CCCC(C)CC(C)CC
New552,445.15,CCC(O)(CC)CC(C)C
New553,497.23,CC(C)(C)c1ccccc1O
New554,549.15,CCc1ccc2ccccc2c1C
New555,510.15,Cc1ccc(C(C)C)cc1O
New556,349.45,C=CC=C(C)C
New557,542.15,CCCCCCCCCCC1=CCCC1
New558,682.15,CCCCCCCCCCCCc1ccc2ccccc2c1
New559,627.16,CCCCCCCCCCCCCCc1ccccc1
New560,481.15,CCC(C)(CC)C(C)C(C)(C)C
New561,471.15,CCC(CC)CC(C)C(C)CC
New562,615,CCCCCCCCCCCCCCCCCOC(C)=O
New563,439.25,CCCCC(C)C(C)O
New564,485.43,CC(CCO)CCCO
New565,472.15,CCCCC(C)C(CC)CCC
New566,453.15,CCCCC(C)(CC)CCC
New567,598.15,CCCCCCCCCCCCCCCCC=O
New568,432.15,CCC(O)C(C)(C)CC
New569,464.15,CCCC(CCC)CCC(C)C
New570,551.15,Cc1ccc2c(C)ccc(C)c2c1
New571,600.82,CCCCCCCCCCCCOC(=O)CC
New572,550,OCC(O)CO
New573,544.15,CCc1ccc2cccc(C)c2c1
New574,459.15,CC(C)C(O)C(C)(C)O
New575,439.46,CCCC(CC)(CC)CC
New576,433.06,CCCC(C)C(C)C(C)C
New577,466.15,CCCCC(O)(CC)C(C)C
New578,546.15,CCc1cc(C)c2ccccc2c1
New579,368.82,CCC=CCCC
New580,518.15,CC#CCCCCCCCCCC
New581,722,CCCCCCCCCc1cccc(O)c1CCCCCCCCC
New582,536.15,Cc1cccc(C)c1-c1ccccc1
New583,764.15,CCCCCCCCCCCCCCCCCCCCCCCCCCCCCc1ccccc1
New584,417.15,CC1CCCC(C)C1C
New585,473,CCCCCC(C)CCO
New586,470.15,CCC(CC)C(C)C(C)C(C)C
New587,600.15,CCC#CCCCCCCCCCCCCCCC
New588,393.24,CC1CCCC(C)C1
New589,394.75,CC1CC(C)(C)CC1C
New590,520.15,CCCCc1cccc(O)c1
New591,423.96,CCC(C)CCC(C)(C)C
New592,468.15,CCC(C)(O)C(C)C(C)(C)C
New593,444,CC(CCO)C(C)(C)C
New594,606.15,CCCCCCCCCCCCCCCCC(C)(C)C
New595,473.15,CCC(CC)(CC)CC(C)(C)C
New596,468.15,CC(C)CCCCCC(C)(C)C
New597,910.15,CCCCCCCCCCCCCCCCCCCCCCCCCCCCCCCCCCCCCCCCCCCCCCCCCCCCCCCCCCCCCCCCC
New598,460.15,CCC(C)C(C)(CC)C(C)C
New599,495.55,CCc1cc(C)ccc1O
New600,342.3,CCCC1CC1
New601,557.16,C#CCCCCCCCCCCCCCC
New602,485,CC(C)CCC(C)CCCO
New603,358.15,C#CC(C)CCC
New604,739.15,CCCCCCCCCCCCCCCCCCCCCCCCCC1CCCCC1
New605,494.25,CC(C)(CO)CCCO
New606,395.15,CC(C)CCC=O
New607,435.36,CCCC(CC)C(C)CC
New608,453,CC(C)C(C)(C)C(C)(C)O
New609,459,CCC(C)CCC(O)CC
New610,433.15,CC(C)CC(O)C(C)(C)C
New611,662.15,CCCCCCCCCCCCCCCCCCC1CCCC1
New612,662.15,CCCCCCCCCCCCCCC(O)CCO
New613,477.45,CCCc1cc(C)ccc1C
New614,477.15,CCCCCCC(CC)CCC
New615,500.75,CCc1ccc(O)c(C)c1
New616,547.87,CCc1ccc(O)cc1CC
New617,449.15,CC(C)C(C)(C)CC(C)(C)C
New618,435.15,CCC(CO)C(C)C
New619,407.36,CCC(C)C(C)O
New620,414.55,CCC(=O)OC(C)(C)C
New621,600.12,CCCCCCCCCCCCCCOC=O
New622,466.15,CCC(C)C(C)CC(C)(C)CC
New623,441.15,CC1CCCC(O)C1
New624,436.16,CCCC(C)C(CC)CC
New625,432.45,CC(C(C)(C)C)C(C)(C)C
New626,466,CC(C)CC(C)CC(C)(C)O
New627,453.15,CCCC(C)C(CC)CCC
New628,441.15,CCCC(CC)CC(C)(C)C
New629,434.15,CCCCC(C)(O)CC
New630,738.1,CCCCCCCCCCCCCCCCCOC(=O)CCC
New631,712.15,OCCCCCCCCCCCCCCCCCCCCO
New632,775.15,CCCCCCCCCCCCCCCCCCCCCCCCCCCCCCC1CCCCC1
New633,392.7,CCCCCOCC
New634,460.15,CCC(CC)C(O)C(C)(C)C
New635,437.43,CCC(=O)OC(C)(C)CC
New636,356.65,CC=CC=CC
New637,543.16,CCc1ccc2cc(C)ccc2c1
New638,807.15,CCCCCCCCCCCCCCCCCCCCCCCCCCCCCCCCCCCC1CCCCC1
New639,474.15,CCCCC(C)C(C)CCCC
New640,538.35,CCCCCCCCCCCCC(C)C
New641,467.15,CCC(C)C(C)C(C)CC(C)C
New642,466,CCC(C)CC(O)(CC)CC
New643,340.24,CCC=CCC
New644,468.15,CCCCC(CC)CC(C)CC
New645,435.06,CCCC(C)C(C)(C)CC
New646,420.76,CC(C)CC(C)CC(C)C
New647,596.15,CCCCCCCCCCCCCCC1=CCCC1
New648,472.15,CCCCCC(C)(CC)CCC
New649,476.75,CCc1ccc(C)cc1CC
New650,550.15,Cc1ccc2cc(C)c(C)cc2c1
New651,651.16,CCCCCCCCCCCCCCCCc1ccccc1
New652,487,CCCC(C)CCCC(C)O
New653,467.15,CC(C)CC(C)CC(C)O
New654,472.15,CCCCCCC(C)(C)CCC
New655,345.15,CC=C=C(C)C
New656,463.15,CCC(C(C)C(C)C)C(C)(C)C
New657,473.15,CCC(C)CCCC(CC)CC
New658,466,CC(C)(C)CCC(C)(C)O
New659,800.15,CCCCCCCCCCCCCCCCCCCCCCCCCCCCCCCCCCC1CCCCC1
New660,447.15,CCC(C)CC(C)CC(C)C
New661,471.15,CCCCC(CCCC)C(C)C
New662,437.15,CCC(C(C)C)C(C)O
New663,473.15,CCCCCCC1=CCCC1
New664,508.15,CC1CCCC2CCCCC12
New665,499.15,CC#CCCCCCCCCC
New666,468.15,CCCC(C)(C)CC(C)C(C)C
New667,393.15,CC(O)C(C)(C)C
New668,463.15,CCC(C(C)C)C(CC)C(C)C
New669,672.15,C#CCCCCCCCCCCCCCCCCCCCCCCC
New670,585.41,Cc1cc2c(C)ccc(C)c2cc1C
New671,405.15,C=CC(=O)OCC(C)C
New672,623.15,CCCCCCCCCCCCCC(O)CO
New673,453.45,CCCC(CC)(CC)CCC
New674,569,O=C(O)C(=O)O
New675,455.15,CCCC(=O)OC(C)CCC
New676,433.26,CCC(C)C(CC)C(C)C
New677,783.15,CCCCCCCCCCCCCCCCCCCCCCCCCCCCCCCCc1ccccc1
New678,369.16,CC=C(CC)CC
New679,445.15,CCC(C)(C)CC(C)C(C)C
New680,412.2,CCC(C)C(C)C(C)C
New681,471.15,CCCCC(C)(CCC)C(C)C
New682,377.25,CC=CCC(C)(C)C
New683,482.98,CCC(C)(O)CCO
New684,474.15,CCCC(C)C(C)(C)C(C)CC
New685,472,CCC(O)CCC(CC)CC
New686,409.75,CCC(=O)OCC(C)C
New687,585.41,Cc1cc(C)c2cccc(C)c2c1C
New688,468.15,CCC(C)C(CC)CCC(C)C
New689,665.15,CCCCCCCCCCCCCCCCC(O)CO
New690,470.15,CCCCC(CCC)C(C)CC
New691,571.85,c1ccc(CCCc2ccccc2)cc1
New692,625,CCCCCCCCCCCCCCCC1CCCC1
New693,409.15,CCC(=O)C(C)CC
New694,467.15,CCC(CC)CC(C)(C)C(C)C
New695,430.15,CC(C)C(C)(C)CO
New696,473.15,CCCCCC(C)CC(C)CC
New697,351.67,Cc1cocc1C
New698,926.15,CCCCCCCCCCCCCCCCCCCCCCCCCCCCCCCCCCCCCCCCCCCCCCCCCCCCCCCCCCCCCCCCCCCCCC
New699,645.88,CCCCCCCCCCCCCCCCOC=O
New700,575,CCC(C)c1cccc2ccccc12
New701,386.15,CC=CC(CC)CC
New702,411.15,CC1CCC(C)(C)C1C
New703,494.15,CCC(O)CCO
New704,616.15,CCCCCCCCCCCCCCCCCC(C)=O
New705,430.15,CC(C)C(C)(O)C(C)C
New706,467.15,CCC(C)CC(C)(C)C(C)(C)C
New707,371.36,CCC1CC=CC1
New708,738.15,C=CCCCCCCCCCCCCCCCCCCCCCCCCCCCCCC
New709,540.15,C=C(C)CCCCCCCCCCCC
New710,662.15,C#CCCCCCCCCCCCCCCCCCCCCCC
New711,649.7,CC(C)C1=CC2=CC[C@H]3[C@](C)(C(=O)O)CCC[C@]3(C)[C@H]2CC1
New712,584.15,CC#CCCCCCCCCCCCCCC
New713,474.16,CCCC(CO)CO
New714,551.65,CCCCC1CCc2ccccc2C1
New715,409.16,CCC(C)CC(C)CC
New716,585.41,CCC(C)c1ccc2ccccc2c1
New717,424.15,CC(C)CCC(C)O
New718,441,CCC(CC)CC(C)O
New719,363.15,COCCC(C)C
New720,544.15,C1CCCCCCCCCCCCC1
New721,594.18,CCCCCC(c1ccccc1)c1ccccc1
New722,551.15,Cc1ccc2ccc(C)c(C)c2c1
New723,669.46,CCCCCCCCCCCCCCOC(=O)CCC
New724,563.15,CCCCCCCCCCCCCC(C)(C)C
New725,473.15,CCC(C)C(C)C(C)(C)C(C)C
New726,477.15,CCC(C)C(C)(C(C)C)C(C)C
New727,592.15,CCCCCCCCCCCCCCCC(C)=O
New728,451.15,CCCC(C)(C)C(C)C(C)C
New729,743.15,CCCCCCCCCCCCCCCCCCCCCCCCCCc1ccccc1
New730,555.15,Cc1ccc2cccc(C(C)C)c2c1
New731,702.15,CCCCCCCCCCCCCCCCCCCCCc1ccccc1
New732,451.15,CCC(O)(C(C)C)C(C)C
New733,722.85,CCCCCCCCCCCCCCCCCCCCCCCCCCCCCC
New734,457.15,CCCCCC(CC)CCC
New735,486.15,CC1CCCC2(C)CCCCC12
New736,275.75,C1=CCC1
New737,461.95,CC(C)C(C)CC(C)C(C)(C)C
New738,612.05,CCCCCCCCCCCCCCC(=O)O
New739,424.95,CC(C)CCCO
New740,413.56,CCC(C)C(CC)CC
New741,387.15,CCC=C(C)C(C)C
New742,460.15,CCC(CC)C(C)CC(C)(C)C
New743,784.15,CCCCCCCCCCCCCCCCCCCCCCCCCCCCCCCCCCCCCC
New744,481.15,CCCC(CO)CC(C)CC
New745,429.36,CCCC(CC)CC(C)C
New746,719.15,CCCCCCCCCCCCCCCCCCCCCCCc1ccccc1
New747,543.15,CCc1cccc2c(C)cccc12
New748,420.16,CCC(CC)CC(C)(C)C
New749,538.15,Cc1c(O)cccc1O
New750,395.8,CC1C=CCC(C)C1
New751,385.15,CCCC=CC(C)C
New752,705.15,CCCCCCCCCCCCCCCCCCCCCC1CCCCC1
New753,451.15,CCC(C)C(C)CCC(C)C
New754,547.15,CCc1cc(C)cc2ccccc12
New755,554.75,CCCCCCCCCCCCCC(C)C
New756,528.15,CCC#CCCCCCCCCCC
New757,394.25,CCC1CCC(C)C1
New758,652.16,CCCCCCCCCCCCCCCCC1CCCCC1
New759,444.65,CCCCC(C)CC(C)(C)C
New760,477.15,CCC(CC)C(C)(CC)C(C)C
New761,448,CCC(C)(CC)CCO
New762,443.15,CC(C)CC(C(C)C)C(C)C
New763,540,CCCCCCCCCCCC(=O)OC
New764,404.35,CCCC1=CCCC1
New765,453.15,CCCC(C)(CC)C(C)(C)C
New766,535,CCCc1c(C)cccc1O
New767,600.15,CCCCCCCCCCCCCCC(C)C(C)C
New768,472.15,CCCCC(C)CC(CC)CC
New769,480,CCC(CO)CCO
New770,422.09,CC(C)CCCC(C)(C)C
New771,366.35,CC1=CCC(C)C1
New772,684.15,OCCCCCCCCCCCCCCCCCCO
New773,458.15,CC(CCC(C)(C)C)C(C)(C)C
New774,466.15,CC(C)C(C)CCC(C)(C)O
New775,439.15,CCC(CC(C)(C)C)C(C)C
New776,347.15,CC(C)(C)C=O
New777,462.41,Cc1cccc(C(C)(C)C)c1
New778,458.15,CC=C(C)C(=O)O
New779,353.7,CC1(C)COC1
New780,471.15,CCCCC(C)(CC)CCCC
New781,517.03,CC(CCO)C(C)(C)O
New782,556.15,Cc1cc(O)ccc1O
New783,704.15,CCCCCCCCCCCCCCCCCC(O)CCO
New784,479.15,CCC(CC)(C(C)C)C(C)(C)C
New785,409.95,CCC(C)(C)CO
New786,478.15,CCCC(O)C(C)O
New787,547.15,CCCCCCCCCCCCC(C)(C)C
New788,468.15,CC(C)=CC(=O)O
New789,472.25,Cc1ccc(C(C)C)c(C)c1
New790,475.15,CCCCC(C)(O)CCCC
New791,455,CC(C)(C)CCCCO
New792,523.15,Cc1cc(C)c(O)c(C)c1C
New793,337.85,Cc1ccco1
New794,459.15,CC(C)C(C)(C(C)C)C(C)C
New795,660,O=C(O)C(O)C(O)C(=O)O
New796,456.15,CC(C)C(C)C(C)CO
New797,375.89,CC1CC=CCC1
New798,454.15,CC(C)C(C)C(C)(C)C(C)C
New799,383.15,C=C(CC)C(C)(C)C
New800,585.41,CCc1ccc2c(C)cc(C)cc2c1
New801,423.15,CCC1CCC(CC)C1
New802,425.15,CCC(C)(O)CC(C)C
New803,483.15,CCC(C)(C)C(CC)(CC)CC
New804,585.15,CCCCCCCCCCCCCCCCO
New805,790.15,C=CCCCCCCCCCCCCCCCCCCCCCCCCCCCCCCCCCCCCC
New806,570.15,Cc1cccc(C)c1Cc1ccccc1
New807,557.15,CCCCC(O)CCCO
New808,610.15,CCCCCCCc1cccc2ccccc12
New809,467.55,CC(C)(C)C(C)(O)C(C)(C)C
New810,401.15,CC(=O)OCC(C)(C)C
New811,585.41,CCc1cccc2c(C)cc(C)cc12
New812,469.15,CCCC(CCC)C(CC)CC
New813,508.15,OCC=CCO
New814,329.15,CC1(C)CCC1
New815,540.94,CC(C)c1cccc2ccccc12
New816,585.41,Cc1ccc2c(C)c(C)cc(C)c2c1
New817,463.15,CCCC(CC(C)C)C(C)CC
New818,466.15,CCCC(CC)C(C)CC(C)C
New819,413.7,CC1CC(C)CC(C)C1
New820,451.15,CCC(C)(CC)CC(C)(C)C
New821,434.36,CCCCC(CC)C(C)C
New822,390.15,CC=CCCC(C)C
New823,469.15,CCCC(C)C(C)CCC(C)C
New824,577.94,CCCCCCCCCCCOC(=O)CC
New825,467.15,CC(C)C(C(C)(C)C)C(C)(C)C
New826,460.05,CCCCC(CC)(CC)CC
New827,500.15,CCc1cc(C)cc(C)c1O
New828,471.15,CCCC(C)C(C)C(C)(C)CC
New829,432.86,CCC(CC)CCC(C)C
New830,581.15,CCCCCCCCCCC(O)CO
New831,464.15,CC(C)CCCC(C)CC(C)C
New832,781.15,CCCCCCCCCCCCCCCCCCCCCCCCCCCCCCCC1CCCCC1
New833,468.15,CCCCC(C(C)C)C(C)CC
New834,539.12,CCc1ccccc1-c1ccccc1
New835,543.15,Cc1ccc(O)cc1O
New836,585.41,CCc1ccc2cccc(CC)c2c1
New837,437.15,CC(C)CC(C)(C)CC(C)C
New838,361.15,CC1(C)C=CCC1
New839,356.15,COC(C)C(C)C
New840,466,CCC(CO)CCC(C)C
New841,585,CCCCCCCCCCCCCCCOC(C)=O
New842,488.16,C#CCCCCCCCCCC
New843,470.15,CCCCCC(C)(C)CCCC
New844,475.15,CCC(CC)CCCCC(C)C
New845,421.1,CC(C)CC1CCCC1
New846,421.15,CCCC1CCC(C)C1
New847,648.35,CCCCCCCCCCCCCCCCCC(=O)O
New848,485.55,CCc1c(C)cc(C)cc1C
New849,433.86,CCC(C)CC(C)C(C)C
New850,356.45,CC(C)=CC(C)C
New851,452.15,CCCC(C)C(CC)C(C)C
New852,468.15,CCC(C)CC(C)C(C)C(C)C
New853,485.43,CCCC(CO)CCO
New854,760.98,CCCCCCCCCCCCCCCCCCCOC(=O)CC
New855,521.15,CCCCc1ccc(O)cc1
New856,524.16,CCc1ccc(CC)c(CC)c1CC
New857,474.15,CCCC(C)(CC)C(CC)CC
New858,454.15,CCCC(C)(CC)C(C)CC
New859,463.15,CCC(CC(C)(C)CC)C(C)C
New860,659,O=C(O)CC(O)(CC(=O)O)C(=O)O
New861,456,CC(C)C(CCO)C(C)(C)C
New862,409.15,CCC(=O)CC(C)C
New863,591,O=C(O)CCC(=O)O
New864,585.41,Cc1ccc2c(C)c(C)ccc2c1C
New865,387.2,CC(=O)C1CC1
New866,447.15,CCCCC(C)(O)C(C)C
New867,392.15,CC1(C)C=CCCC1
New868,470.15,CCCC(CC)C(CC)CCC
New869,596.15,CCCCCCc1ccc2ccccc2c1
New870,473.15,CCCCC(C)C(C)C(C)CC
New871,383.15,CCC(=O)OC(C)C
New872,607.15,CCCCCCC(c1ccccc1)c1ccccc1
New873,629.65,CCCCCCCCCCCCCCCCCCCCC
New874,465.15,CCCC(C(C)C)C(C)C(C)C
New875,401,C=CC1=CCCCC1
New876,656.15,CCCCCCCCCCc1ccc2ccccc2c1
New877,440.22,CCCC(C)OC(=O)CC
New878,536.76,CCCCCCCCC1CCCCC1
New879,380.75,CCC(C)=CC(C)C
New880,510.15,CC(C)Cc1ccc(O)cc1
New881,586.15,CCCCCCCCCCCCCCC(C)CC
New882,558.15,Cc1cc(C)c2c(C)cccc2c1
New883,478.15,CCCCCC(CC)(CC)CC
New884,555.15,Cc1ccc(-c2ccccc2)cc1C
New885,693.15,CCCCCCCCCCCCCCCCCCCCCC1CCCC1
New886,468.15,CCC(C)CCCC(C)(C)CC
New887,489.15,CCCCCCCC(C)CC(C)C
New888,773.15,C#CCCCCCCCCCCCCCCCCCCCCCCCCCCCCCCCCCCC
New889,568.15,CCCCCC1CCc2ccccc2C1
New890,558.15,Cc1ccc(C)c2c(C)cccc12
New891,450.15,CCCC(C)CC(C)C(C)C
New892,798.15,CCCCCCCCCCCCCCCCCCCCCCCCCCCCCCCCCCCCCCCC
New893,677.15,CCCCCCCCCCC=C(c1ccccc1)c1ccccc1
New894,570.15,CCCCCCCCCCCCCCC=O
New895,452.15,CC(C)CCC(C)CO
New896,455.15,CCCC(C)CCC(C)CC
New897,439.25,CCCC(O)CC(C)C
New898,471.15,CCCCC(C)(C)C(C)CCC
New899,487,CCCCCCC(C)CCO
New900,480.65,CCC(C(C)O)C(C)O
New901,497.15,CCCCC(O)CO
New902,691.64,CCCCCCCCCCCCCCCCCCOC=O
New903,442.86,CCC(CC)(CC)C(C)C
New904,589,CC(C)(c1ccccc1)C(C)(C)c1ccccc1
New905,472.15,CCC(C)CCC(C)(CC)CC
New906,408.36,CCCC(C)(C)CCC
New907,413.76,CCCC(C)C(C)CC
New908,771.15,CCCCCCCCCCCCCCCCCCCCCCCCCCCCCCc1ccccc1
New909,468.15,CCC(C)CCCCC(C)(C)C
New910,388.65,C1=CC=CCC=C1
New911,464.15,CCC(CC)c1ccccc1
New912,546.15,CCc1ccc2c(C)cccc2c1
New913,439.86,CCCC(C(C)C)C(C)C
New914,478.15,CCCC(C)(CC)C(C)(C)CC
New915,465.15,CCCC(C)(CC(C)C)C(C)C
New916,483.15,CCCCCCC(O)CCC
New917,405.15,CCC(CC)OC(C)=O
New918,469.15,Cc1ccccc1CC(C)C
New919,427.5,CCC(C)C1CCCC1
New920,423.85,CCC(C)CC(C)(C)O
New921,635.75,CCCCCCCCCCCCCCCCC(=O)O
New922,429.16,CC(C)CCC(C)C(C)C
New923,312.19,C1CC12CC2
New924,470.15,CCCCC(C)C(CC)C(C)C
New925,636.15,CCCCCCCCCCC1CCc2ccccc2C1
New926,566.15,Cc1ccc(-c2ccc(C)cc2)cc1
New927,470.15,CCC(CC)CC(C)(CC)CC
New928,431.15,CC(C)C(C)C(C)(C)O
New929,465.53,CCC(C)(C)c1ccccc1
New930,349.23,C#CCC(C)(C)C
New931,748.15,CCCCCCCCCCCCCCCCCCCCCCCCCCCCCCCCC
New932,625.15,CC#CCCCCCCCCCCCCCCCCC
New933,364.88,CC1CCC(C)C1
New934,639.15,C#CCCCCCCCCCCCCCCCCCCCC
New935,586.15,C1CCCCCCCCCCCCCCCC1
New936,466.15,CCC(C)(C)CCC(C)C(C)C
New937,595.54,O=C(O)CCCC(=O)O
New938,515.75,CCC1CCc2ccccc2C1
New939,455,CCCC(C)C(O)CCC
New940,496.94,CCC(O)C(O)CC
New941,442.6,CCC(C)(C(C)C)C(C)C
New942,476.15,CCCC(C)C(C)(CC)C(C)C
New943,508.55,Cc1cc(C)c(C)c(O)c1
New944,531.48,CCCCCCCCCCCOC=O
New945,515,CCCc1ccc(C)c(O)c1
New946,585.41,Cc1cccc2cc(C(C)C)ccc12
New947,553.15,Cc1ccc2c(C)cccc2c1C
New948,634.15,CCCCCCCCCCC1CCCc2ccccc21
New949,612.15,CCCCCCCCCCCCCCCCCC(C)C
New950,639.16,CCCCCCCCCCCCCCCc1ccccc1
New951,449.15,CCCCC(CC)C(C)(C)C
New952,458.15,CC(C)(C)CCCCC(C)(C)C
New953,348.15,C=CC(=C)CC
New954,477.15,CC(C)CCCCCCC(C)C
New955,365.15,CC1=CC(C)CC1
New956,722,O=C(O)c1cc(C(=O)O)c(C(=O)O)cc1C(=O)O
New957,465.15,CCCC(CO)CC(C)C
New958,468.15,CCC(C)C(C)CC(C)C(C)C
New959,494.25,CC(C)(CCO)CCO
New960,384.75,C=C(C)CCC(C)C
New961,455.15,CCCCC(C)C(C)(C)CC
New962,453.15,CCCCC(O)C(C)CC
New963,449.15,CCCCC(CC)CC(C)C
New964,439.78,CCC(=O)OC(C)C(C)C
New965,479.15,CCC(C)C(C)(C)C(C)(C)CC
New966,365.65,CC1CCC(C)O1
New967,447.15,CCC(C)C(C)(C)CC(C)C
New968,630,CCCCCCCCCCCCCCCCCCOC(C)=O
New969,463.15,CCC(CC(C)C)C(C)C(C)C
New970,475,CC(C)C(O)C(C)(C)C(C)C
New971,517.03,CCC(O)C(C)(O)CC
New972,652.15,C=CCCCCCCCCCCCCCCCCCCCCC
New973,512.15,C1CCCCCCCCCCC1
New974,471.15,CCC(C)C(CC)C(CC)CC
New975,465.15,CCC(CC)CC(C)C(C)(C)C
New976,586.16,C#CCCCCCCCCCCCCCCCC
New977,629.15,CCCCCCC=C(c1ccccc1)c1ccccc1
New978,490,CCCC(C)(O)CO
New979,446,CCC(CC)(CC)CO
New980,467.15,CCC(C)C(C)(C)CCC(C)C
New981,451.15,CCCC(C)(CCC)CCC
New982,494.15,CCCCCCCCCC(C)(C)C
New983,653.05,O=C1c2ccccc2C(=O)c2ccccc21
New984,393.76,CCC(CC)OC=O
New985,693.15,CCCCCCCCCCCCCCCCCCCCc1ccccc1
New986,648.15,CCCCCCCCCCCCCC(O)CCO
New987,375.15,CC(C)C=CC(C)C
New988,414.36,CCCC(CC)CCC
New989,454,CCCC(C)(C)CCO
New990,374,CCC=CC(C)(C)C
New991,446,CCC(C)(CO)C(C)C
New992,331.81,CCC1CC1C
New993,693.2,c1ccc(C(=C(c2ccccc2)c2ccccc2)c2ccccc2)cc1
New994,464.15,CCCCC(CCC)CC(C)C
New995,585.41,Cc1ccc(C)c2c(C)ccc(C)c12
New996,598,O=C(O)c1ccccc1C(=O)O
New997,480,CC(CO)C(C)(C)O
New998,600.86,CCCCCCCCCCCCC1CCCCC1
New999,907.15,CCCCCCCCCCCCCCCCCCCCCCCCCCCCCCCCCCCCCCCCCCCCCCCCCCCCCCCCCCCCCCCC
New1000,370.92,CCC1C=CCC1
New1001,670.15,CCCCCCCCCCCCCCCCCCCC(=O)O
New1002,443.15,CCC(CC(C)C)CC(C)C
New1003,475.15,CCCC(C)(C)C(C)C(C)(C)C
New1004,695.15,CCCCCCCCCCCCCCCCCCCCC1CCCCC1
New1005,447.15,CCCC(O)CC(C)(C)C
New1006,498.25,CCCCCCCOC(=O)CCC
New1007,651.15,C#CCCCCCCCCCCCCCCCCCCCCC
New1008,473.15,CCCC(C)(C)C(C)(C)CCC
New1009,455,CCCC(O)CCC(C)C
New1010,459,CCC(O)CCCC(C)C
New1011,377.15,C=CC(C)CC(C)C
New1012,473.15,CCC(C)CCC(C)C(C)CC
New1013,630.15,CCCCCCCCC(c1ccccc1)c1ccccc1
New1014,532.18,CCCCCCCCCOC(=O)CC
New1015,568.15,CCCCCCCCCCCCC(C)CC(C)C
New1016,487.15,CCC(C)(C(C)(C)C)C(C)(C)C
New1017,471.15,CCCCC(C)(C)C(CC)CC
New1018,453,CC(C(C)(C)C)C(C)(C)O
New1019,479.15,CC(C)C(C)(C)C(C)C(C)(C)C
New1020,439.15,CC(O)CCC(C)(C)C
New1021,463.15,CCCCCCOC(=O)CC
New1022,457.15,CCCC(CCC)CC(C)(C)C
New1023,713.95,CCCCCCCCCCCCCCCCCCCCCCCCCCCCC
New1024,469.15,CCC(C)c1ccccc1C
New1025,521.15,Cc1cccc(O)c1O
New1026,533.15,Cc1cc(O)c(C)c(C)c1C
New1027,730.15,C=CCCCCCCCCCCCCCCCCCCCCCCCCCCCCC
New1028,455,CCCC(C)CC(C)(C)O
New1029,450.15,CCC(C(C)C)C(C)C(C)C
New1030,325.59,CC1CC1(C)C
New1031,444.75,CCCC(C)CC(C)O
New1032,452.15,CCCC(C)CCCC(C)C
New1033,310.18,CC1CC1C
New1034,452.15,CCCCCC1=CCCC1
New1035,917.15,CCCCCCCCCCCCCCCCCCCCCCCCCCCCCCCCCCCCCCCCCCCCCCCCCCCCCCCCCCCCCCCCCCC
New1036,364.65,CC=C(C)C(C)C
New1037,497.86,CCCCCCC1CCCCC1
New1038,395.15,CCC(C)CC=O
New1039,543.15,CCc1cccc2cc(C)ccc12
New1040,482,CCCCCC(C)(O)CCC
New1041,474.15,CCCC(C)(C(C)C)C(C)(C)C
New1042,664.45,CCCCCCCCCCCCCCCCCCCCCCCC
New1043,603.15,CCC#CCCCCCCCCCCCCCCCC
New1044,463.1,CCCC(=O)OC(CC)CC
New1045,625.15,CCCCCCCCc1cccc2ccccc12
New1046,427.85,CCCC(O)CCC
New1047,683.15,CCCCCCCCCCCCCCCCCCCc1ccccc1
New1048,485.43,CCC(CO)CCCO
New1049,365.02,CC1CCCC1C
New1050,488.35,CCCCC(CCO)C(C)C
New1051,395.8,CC1C=CC(C)CC1
New1052,788.15,CCCCCCCCCCCCCCCCCCCCCCCCCCCCCCCCC1CCCCC1
New1053,510,CCc1ccc(C)c(C)c1O
New1054,472.15,CCCC(CC)C(C)(C)C(C)C
New1055,475.15,CCCCCC(C)(CC)C(C)C
New1056,470.15,CCC(C)c1ccc(C)cc1
New1057,452.15,CCCC(CCC)C(C)CC
New1058,473.15,CCCC(C)C(C)(C)C(C)(C)C
New1059,633.36,O=C(O)CCCCCCCC(=O)O
New1060,449.15,CCC(CC)C(C)C(C)(C)C
New1061,475.15,CCC(CC)CCC(CC)CC
New1062,462.15,CCC(CC)(C(C)C)C(C)C
New1063,456.15,CCCCC(C)C(CC)CC
New1064,571.15,CCCCCCCCCCCCC1=CCCC1
New1065,468.15,CCCC(CC)C(CC)C(C)C
New1066,463.15,CC(C(C)C(C)(C)C)C(C)(C)C
New1067,694,CC(C)CCCCCOC(=O)c1ccccc1C(=O)OCCCCCC(C)C
New1068,571.15,CCCCCC(O)CCCO
New1069,460.15,CCCC(C)C(C)CC(C)(C)C
New1070,438.15,CCC(C)(C)CCO
New1071,446.15,CC(C)C(CO)C(C)C
New1072,406.75,CCCC(C)C(C)(C)C
New1073,469.15,CCC(C)(O)CCCC(C)C
New1074,454.15,CCC(C)C(CC)C(C)CC
New1075,674.15,C=CCCCCCCCCCCCCCCCCCCCCCCC
New1076,613.15,CCCCCC=C(c1ccccc1)c1ccccc1
New1077,615.15,C=C(C)CCCCCCCCCCCCCCCCC
New1078,423,CCCCCC(=O)OC
New1079,465.57,C=Cc1ccc(C)c(C)c1
New1080,473.15,CCCCCCC(C)CC(C)C
New1081,463.15,CCC(CC)C(C(C)C)C(C)C
New1082,330.65,CC1CC(C)C1
New1083,482,CCCCCCC(CC)CO
New1084,473.15,CCC(C(C)C)C(C)(CC)CC
New1085,412.15,CCC(C)CC(C)=O
New1086,485.65,CCC(O)C(C)(C)CO
New1087,491.05,CCCCCC(CO)CCC
New1088,705.15,CCCCCCCCCCCCCC=C(c1ccccc1)c1ccccc1
New1089,443.15,CC(C)CCCCC(C)(C)C
New1090,430.2,CC(C)C(C(C)C)C(C)C
New1091,482,CCCCC(C)C(O)CCC
New1092,547,Cc1cc(C(C)C)ccc1O
New1093,501.15,Cc1cccc(O)c1C(C)C
New1094,530.99,CC(O)CC(O)C(C)C
New1095,464.15,CCC(C)(C)C(C)CCO
New1096,473.15,CCC=CC(=O)O
New1097,376.65,CCOCCOC
New1098,448.15,CCC(C)C(CC)C(C)(C)C
New1099,469.15,CCC(C)(C)C(C)(C)CC(C)C
New1100,670.15,OCCCCCCCCCCCCCCCCCO
New1101,451.15,CCC(CC)CC(C)C(C)C
New1102,740.15,CCCCCCCCCCCCCCCCCCCCCCCCCCCCCCCC
New1103,435,CCC(C)(C)CC(C)O
New1104,471.15,CCCCCC(CCC)C(C)C
New1105,468.15,CCC(CC)CC(CC)C(C)C
New1106,474.15,CCCCC(C)(CC)C(C)CC
New1107,465.15,CC(C)C(C)CC(C)(C)C(C)C
New1108,443.16,CCC(C)(C)C(C)(C)CC
New1109,447.15,CCCC(CCC)C(C)(C)C
New1110,642.15,OCCCCCCCCCCCCCCCO
New1111,753,O=C(O)c1cccc(C(=O)O)c1
New1112,455,CCC(C)(C)CCCO
New1113,501.15,Cc1ccc(O)c(C(C)C)c1
New1114,485,CC(C)CCCC(C)C(C)O
New1115,467.65,Cc1cc(C)cc(C(C)C)c1
New1116,727.15,CCCCCCCCCCCCCCCCCCCCCCCCc1ccccc1
New1117,508.15,CCCCc1ccccc1O
New1118,457.75,CC#CCCCCCCC
New1119,467.15,CCCC(C)CC(C)(C)C(C)C
New1120,463.15,CC(CO)CCO
New1121,445.05,CC(C)CCCC(C)O
New1122,460.15,CCC(CCC(C)(C)C)C(C)C
New1123,354.35,CCOC(C)CC
New1124,448,CCC(CCO)C(C)C
New1125,406.15,CCC(=O)OC(C)CC
New1126,415.15,CC1CCC(C(C)C)C1
New1127,614.15,CCCCCCCCCCCCCCCCC(C)O
New1128,472.15,CCC(C)C(C)C(C)C(C)CC
New1129,462.15,CCC(C)C(C(C)C)C(C)(C)C
New1130,482,CCCCC(O)CCC(C)C
New1131,760.98,CCCCCCCCCCCCCCCCCCOC(=O)CCC
New1132,441.15,CCCC(CC)C(C)O
New1133,493.95,Cc1cc(C)c(O)c(C)c1
New1134,439.15,CCC(CC)CCO
New1135,421.15,CC1CCC(C)C(C)C1
New1136,416.15,CC(C)(C)CCO
New1137,472.15,CCCC(C)CCC(C)CCC
New1138,510,CCc1ccc(O)c(C)c1C
New1139,432.15,CCCC(O)(CC)CC
New1140,459.45,CC(C)CC(C)C(C)CC(C)C
New1141,490.15,CCCCCCCCC(C)O
New1142,445.05,CCC(C)CCC(C)O
New1143,479.15,CCCCCC(C)CCCCC
New1144,472.15,Cc1cccc(C)c1C(C)C
New1145,487,CCCCCCC(C)C(C)O
New1146,568.76,CCCCCCCCCCCC1CCCC1
New1147,276.87,CC=CC
New1148,435.66,CCC(C)C(C)C(C)CC
New1149,629.15,CCCCCCCCC(C1CCCCC1)C1CCCCC1
New1150,500,CCc1ccc(C)c(O)c1C
New1151,585.41,Cc1ccc(C(C)C)c2ccccc12
New1152,475.26,C=Cc1ccc(C)cc1C
New1153,495.15,CCCCCCCC(C)CO
New1154,469.15,CCC(C)C(C)C(CC)C(C)C
New1155,387.15,CC=CC(C)CCC
New1156,470.15,CCC(C)(C)CCCCC(C)C
New1157,426.15,CCCC(C)(C)CO
New1158,501.15,CCCCCCCCOC(=O)CC
New1159,418.15,CCCC(O)C(C)C
New1160,625,CCCCCCCCCCCCCCCCCCC(C)=O
New1161,535.73,CCCCCCCCCCCC(C)=O
New1162,585.41,Cc1c(C)c(C)c2ccccc2c1C
New1163,454.15,CCCCC(C)(O)CCC
New1164,518.06,CCCCCCCC1CCCCC1
New1165,411.15,CC(O)CC(C)(C)C
New1166,585.41,CC(C)Cc1ccc2ccccc2c1
New1167,345.95,CCOC(C)(C)C
New1168,725.15,CCCCCCCCCCCCCCCCC(O)CCCO
New1169,464.15,CCCCC(CCC)C(C)(C)C
New1170,455,CCC(C)CCC(C)(C)O
New1171,458.15,CC(C)C(C)C(C)CC(C)(C)C
New1172,408.15,COC(=O)C1CCC1
New1173,508.21,CC(C)C(CO)CCO
New1174,508.21,CC(CO)CC(C)CO
New1175,515,CCc1c(O)ccc(C)c1C
New1176,456.35,CCCC(C)CCCO
New1177,675.15,CCCCCCCCCCCCCCCCCCC1CCCCC1
New1178,461,CCC(C(C)O)C(C)(C)C
New1179,439.15,CCC(C)(C)CCC(C)(C)C
New1180,400.55,CC1CC(C)C(C)C1C
New1181,397.15,CCC(C)(C)OC(C)=O
New1182,482,CCCC(O)CCC(C)CC
New1183,447.15,CCC(C)CC(C)C(C)(C)C
New1184,444.15,CCCC(C)CCC(C)(C)C
New1185,378.15,C=CC(C)(C)C(C)C
New1186,555.15,CCCCCCCCCCCC(C)C(C)C
New1187,453.15,C=C(CC)C(=O)O
New1188,465.15,CCCC(C)C(CC)C(C)(C)C
New1189,389.15,CC=C(C)C(C)CC
New1190,479.15,CCCCCCOC(=O)CCC
New1191,464.15,CCC(O)(C(C)C)C(C)(C)C
New1192,439.66,CCCCCC(CC)CC
New1193,760.15,CCCCCCCCCCCCCCCCCCCCCCCCCCCCCC1CCCC1
New1194,610.15,C1CCCCCCCCCCCCCCCCCC1
New1195,555.15,CCCCCCCCCCCCC(C)CC
New1196,424.85,CCC1CCCCC1C
New1197,682.15,C#CCCCCCCCCCCCCCCCCCCCCCCCC
New1198,425.65,CC(C)CCC(C)(C)O
New1199,563.15,Cc1ccc(C(C)c2ccccc2)cc1
New1200,485,CCC(C)CC(C)CCCO
New1201,471.15,CCCCC(C)CC(C)CCC
New1202,473,CCCC(C)CCCCO
New1203,531.15,Cc1ccccc1-c1ccccc1C
New1204,504.45,C=C(C)CCCCCCCCCC
New1205,447.15,CCC(O)(CC)C(C)(C)C
New1206,566.12,CCCC(C1CCCCC1)C1CCCCC1
New1207,556.15,CCc1ccc(-c2ccccc2)cc1
New1208,510,Cc1ccc(C)c(O)c1C
New1209,418.15,CCC1CCC(C)C1C
New1210,466.15,CCCC(C)C(CC)CO
New1211,466,CC(C)C(C)CC(C)(C)O
New1212,461.15,C=CCCC(=O)O
New1213,453.15,CCC(CC(C)C)CC(C)(C)C
New1214,470.15,CCC(C)CCC(CC)C(C)C
New1215,565,O=C(O)/C=C\C(=O)O
New1216,568.15,Cc1ccc(C)c(Cc2ccccc2)c1
New1217,578.01,CCCCCCCCCCCCCCCO
New1218,494.15,C1CCCCCCCCCC1
New1219,440.22,CCC(=O)OCC(C)CC
New1220,466.15,CC(C)CCC(C)(C)C(C)(C)C
New1221,461.15,CC(C)CC(C)C(C)C(C)(C)C
New1222,795.15,CCCCCCCCCCCCCCCCCCCCCCCCCCCCCCCCCCc1ccccc1
New1223,383.15,CC=CC(C)C(C)C
New1224,685.35,CCCCCCCCCCCCCCCCCCCCCCCCCC
New1225,455,CCCCC(C)C(C)(C)O
New1226,502.35,CC(C)c1ccc(O)cc1
New1227,452.15,CC(C)CCCC(C)C(C)C
New1228,806.15,CCCCCCCCCCCCCCCCCCCCCCCCCCCCCCCCCCCCc1ccccc1
New1229,470.15,CCCC(CC)CC(CC)CC
New1230,366.15,Cc1ccc(C)o1
New1231,642.09,O=C(O)CCCCCCCCC(=O)O
New1232,811.15,CCCCCCCCCCCCCCCCCCCCCCCCCCCCCCCCCCCCC1CCCCC1
New1233,587.15,CCC#CCCCCCCCCCCCCCC
New1234,553.15,CC#CCCCCCCCCCCCC
New1235,472,CCC(CC)CCCCO
New1236,464.15,CCCC(CCC(C)C)C(C)C
New1237,509.15,CCc1cc(O)ccc1C
New1238,470.15,CCCC(C)C(C)CC(C)CC
New1239,723,CC(C)CCCCCCCOC(=O)c1ccccc1C(=O)OCCCCCCCC(C)C
New1240,547.87,CCCc1cc(O)ccc1C
New1241,462.15,CCC(CC)(CC)C(C)(C)C
New1242,481.85,CCCCCCCC(CC)CC
New1243,441.45,CC(C)CC(C)(C)CO
New1244,623.15,CCCCCCCCCCCCCCCCCCC=O
New1245,474.15,CCCCCC(CC)C(C)CC
New1246,453.15,CCC(C(C)(C)C)C(C)(C)C
New1247,474.15,CCCCCCCCC(C)(C)C
New1248,555,CCCCCCCCCCCCCOC(C)=O
New1249,467.15,CC(C)CCCC(O)C(C)C
New1250,429.26,CCCC(CC)C(C)(C)C
New1251,395.69,CCCC=CCCC
New1252,801.15,CCCCCCCCCCCCCCCCCCCCCCCCCCCCCCCCCCCc1ccccc1
New1253,469.15,CCCCC(C)CC(C)C(C)C
New1254,601,C=C(CC(=O)O)C(=O)O
New1255,465.15,CCCC(C)C(C(C)C)C(C)C
New1256,448.15,CCC(C)C(CC)CC(C)C
New1257,465.15,CCCC(C)CC(C)C(C)(C)C
New1258,408.15,CC1CCC(C)(C)CC1
New1259,590,CCCCCCCCCCOCCCCCCCCCC
New1260,475.39,CCCc1cc(C)cc(C)c1
New1261,442.15,C=CCC(=O)O
New1262,471.15,CCCCC(C)CCCC(C)C
New1263,406.15,CCCC(C)OC(C)=O
New1264,467.15,CCC(C)C(C)C(C)C(C)(C)C
New1265,535.15,CCCCCCCCCOC(=O)CCC
New1266,783.86,CCCCCCCCCCCCCCCCCCCOC(=O)CCC
New1267,349.89,CC=CC(C)(C)C
New1268,334.32,C#CCC(C)C
New1269,501.15,CCC(C)c1ccccc1O
New1270,460.15,CCC(C)(C)CC(C)CC(C)C
New1271,504.95,CC(O)COC(C)CO
New1272,500.98,CCCCCCCCCC(C)=O
New1273,424.15,CCC1CCCC(C)C1
New1274,508.6,CCCCCCCCCCOC=O
New1275,676.15,CCCCCCCCCCCCCC(c1ccccc1)c1ccccc1
New1276,458.75,CC(C)CC(C)(C)CC(C)(C)C
New1277,474.15,CCCCC(C)CCC(C)CC
New1278,469.15,CCCCCC(C(C)C)C(C)C
New1279,529,O=C(O)c1ccccc1O
New1280,436.06,CCC(CC)C(C)(C)CC
New1281,459.15,CC(C)C(C)(C)CCC(C)(C)C
New1282,608.15,CCCCCCCCCCCCCCCCCCO
New1283,476.15,CCCc1ccccc1CC
New1284,738.1,CCCCCCCCCCCCCCCCCCOC(=O)CC
New1285,664.15,CCCCCCCCCCCCCCCCCC1CCCCC1
New1286,500.85,CCc1ccc(C)c(O)c1
New1287,472.15,CC(C)C(C)C(C)(C)C(C)(C)C
New1288,468.75,CCC(C)(C)CC(C)(O)CC
New1289,585.41,CCCc1cc2ccccc2cc1C
New1290,585.41,CCc1cc2ccccc2cc1CC
New1291,469.15,CC(C)C(C)CCC(C)C(C)C
New1292,433.96,CCC(C)CCC(C)CC
New1293,341.25,CC(C)OC=O
New1294,492.55,CCCc1ccccc1O
New1295,586.15,CCCCCCCCCCCCCC(C)C(C)C
New1296,478.15,CCCCCCC(C)C(C)CC
New1297,508.21,CC(O)CCCC(C)O
New1298,463,CC(C)CCC(C)(O)C(C)C
New1299,469.15,CCCC(CCC)C(C)(C)CC
New1300,475.15,CCC(C)(O)C(C)(C)C(C)C
New1301,570.15,Cc1cccc(Cc2ccccc2)c1C
New1302,448.15,CC(C)CCC(C)(C)C(C)C
New1303,517.03,CCC(C)(O)CC(C)O
New1304,390.15,CCC(CC)=C(C)C
New1305,463.15,CCC(C)(C)C(C)(CC)CC
New1306,511.15,CCCCCC(O)CO
New1307,481.15,CCC(C)(C)C(C)(CC)C(C)C
New1308,422.15,CC(C)C(C)CO
New1309,363.15,CCC(C)COC
New1310,406.29,CCC#CCCCC
New1311,474.15,CCCC(C)(C(C)C)C(C)CC
New1312,599.15,CCCCCCCCCCCCCCCCC(C)C
New1313,696.15,CCCCCCCCCCCCC=C(c1ccccc1)c1ccccc1
New1314,543.15,Cc1ccc(-c2ccccc2)c(C)c1
New1315,585.15,CCCCCCC(O)CCCO
New1316,614.15,CCCCCCCCCCCCCCCC(C)C(C)C
New1317,469.15,Cc1ccc(CC(C)C)cc1
New1318,483.35,CCCCCCCCC(C)=O
New1319,606.15,CCCCCCCCCCC(O)CCO
New1320,465.15,CCCC(C)(O)CCC(C)C
New1321,453.15,CCCCC(C)C(C)C(C)C
New1322,432.65,CCC(=O)OCCC(C)C
New1323,463.15,CC(C)CC(C)CC(C)C(C)C
New1324,669.15,CCCCCCCCCCCc1ccc2ccccc2c1
New1325,472.15,CCCC(C)C(C)C(CC)CC
New1326,463.15,CCC(CC)C(CC)C(C)(C)C
New1327,469.15,CCC(C)CCC(C)(C)C(C)C
New1328,642.15,CCCCCCCC=C(c1ccccc1)c1ccccc1
New1329,341.15,CC=C=CCC
New1330,486,CCC(CO)CCC(C)(C)C
New1331,470.15,CCCC(CC)(CCC)CCC
New1332,436.56,CCCCC(C)C(C)CC
New1333,467.85,CC=C(C)c1ccccc1
New1334,328.15,C=CC(C)C=C
New1335,469.15,CCC(C)(C)C(C)CCC(C)C
New1336,480.25,CCc1ccc(CC)c(C)c1
New1337,486.15,CCc1cc(C)cc(C)c1C
New1338,464.15,CCCC(C)CC(C)(C)CCC
New1339,464,CCC(C)CC(O)C(C)CC
New1340,430.76,CCCCC(C)C(C)(C)C
New1341,404.15,CCCC(=O)OC(C)C
New1342,389.15,CCC1CCOC1
New1343,646.58,CCCCCCCCCCCCCCOC(=O)CC
New1344,447.15,CC(C)CC(C)C(C)C(C)C
New1345,757.15,CCCCCCCCCCCCCCCCCCCCCCCCCCCCc1ccccc1
New1346,375.61,CC#CCC(C)C
New1347,460,CCC(C)(CC)C(O)C(C)C
New1348,474.15,CC=Cc1ccc(C)cc1
New1349,461.06,CC(C)=Cc1ccccc1
New1350,422.15,CCC(C)C(O)CC
New1351,452.15,CCC(CC)(CC)CC(C)C
New1352,469.75,CCc1ccc(C(C)C)cc1
New1353,474.15,CCC(C)CC(CO)C(C)C
New1354,471.15,CCCCC(CC)C(C)CCC
New1355,443.15,CCCC(C)(C)CC(C)CC
New1356,468.15,CCCCC(C)C(C)CC(C)C
New1357,469.15,CCC(C)CC(CC)C(C)CC
New1358,565.15,CCCCCCCCCCCCCC(C)=O
New1359,433,CCC(C)(CC)C(C)O
New1360,492.55,CCC#CCCCCCCCC
New1361,585.41,Cc1ccc2c(C)cc(C)c(C)c2c1
New1362,368.35,CCC#CC(C)C
New1363,463.15,CC(C)C(C)C(C(C)C)C(C)C
New1364,550.15,CCCCCCC(O)CCO
New1365,600.15,CCCCCCCCCCCCCCCC(C)CC
New1366,501.15,CC(C)c1cccc(O)c1
New1367,435.26,CCC(C)C(C)(CC)CC
New1368,445.65,CCCCC(C)(C)CO
New1369,539.15,CCCCCCCCCCC(C)CC(C)C
New1370,365.65,CCc1ccco1
New1371,444.15,CC1CCC(O)CC1
New1372,445.7,CC(C)CCOCCC(C)C
New1373,469.35,Cc1ccc(C)c(C(C)C)c1
New1374,430.66,CCCCC(C)(C)CCC
New1375,585.41,CCCc1ccc2ccccc2c1C
New1376,449.65,CCC(CO)CC(C)C
New1377,417.15,CCC1(C)CCCC1C
New1378,545.85,Cc1cccc(-c2ccccc2)c1
New1379,479.75,CCCc1ccc(C)cc1C
New1380,515,CCCc1cccc(O)c1C
New1381,472.15,CC(C)(O)CCO
New1382,468.15,CCC(C)CC(C)(C)C(C)CC
New1383,452.15,CCCCCC(C)C(C)(C)C
New1384,492.15,CCCCCCCC1=CCCC1
New1385,449.15,CCCC(C)C(C)CC(C)C
New1386,449.15,CCC(C)CC(CC)C(C)C
New1387,365,CCc1ccoc1
New1388,458.15,CC=CC(=O)O
New1389,444.15,CC(C)CCCC(C)(C)O
New1390,482.15,CCC(C)(C)C(C)C(C)(C)CC
New1391,463.15,CCC(C)CC(CC)C(C)(C)C
New1392,463.15,CCCC(C)(C)CCCC(C)C
New1393,535,CCCc1ccc(O)cc1C
New1394,329.92,CCC1(C)CC1
New1395,476.15,CCCC(C)(C)C(C)(C)C(C)C
New1396,464,CCCC(C)(O)CC(C)CC
New1397,457.15,CCC(C)C(C)(C)C(C)(C)C
New1398,469.15,CCCC(CC)C(C)(C)CCC
New1399,370.75,CC1COC(C)C1
New1400,467.15,CCCC(CCC)C(C)C(C)C
New1401,731.15,CCCCCCCCCCCCCCCCCCCCCCCCCCCCCCC
New1402,433.25,CCCC(C)C(C)(C)O
New1403,389.95,CCC(C=O)CC
New1404,513.15,CC(C)(C)c1cccc(O)c1
New1405,673.15,CCCCCCCCCCCCCCCCCCc1ccccc1
New1406,562.15,CCC(c1ccccc1)c1ccccc1
New1407,650.15,CCCCCCCCCCC(c1ccccc1)c1ccccc1
New1408,501.15,CCc1ccc(O)c(CC)c1
New1409,453.15,CCCCC(C)(CC)C(C)C
New1410,410.84,CCCC(C)(C)C(C)C
New1411,641.75,CCCCCCCCCCCCCCCCCCCCCC
New1412,395.8,CC1CC=CCC1C
New1413,466,CCCCC(O)(CC)CCC
New1414,669.15,CCCCCCCCCCCCC(O)CCCO
New1415,559.11,CCc1cccc(-c2ccccc2)c1
New1416,400.25,CC1=CC(C)CCC1
New1417,457.15,CCC(C)CCCC(C)CC
New1418,583.16,CCCCCc1ccc2ccccc2c1
New1419,442.15,CCC(C)C(O)C(C)(C)C
New1420,394.15,CC=C(CC)CCC
New1421,484,C=CC(=O)OCCO
New1422,463.15,CCC(CCC(C)C)CC(C)C
New1423,459.15,CCC(C)(C)C(C)CC(C)(C)C
New1424,472,CCCCCC(CC)CO
New1425,587.15,CCCCCCCCCCCCCCC(C)O
New1426,356.15,CC#CC(C)(C)C
New1427,411.13,CC1=C(C)CCCC1
New1428,477.15,CCC(C)CCCCCC(C)C
New1429,425.15,CCC(C)(O)C(C)(C)C
New1430,470.15,CCC(CC)C(C)CCC(C)C
New1431,500,CCc1ccc(CC)c(O)c1
New1432,450,C=C(C)CC(=O)O
New1433,712.15,CCCCCCCCCCCCCCCCCCCCCCCC1CCCC1
New1434,471.15,CCC(C)(CC)CCCC(C)C
New1435,608.15,CCCCCCCCC1CCCc2ccccc21
New1436,482,CCCCC(C)CC(O)CC
New1437,554.36,CCCCCCCCCCCCOC=O
New1438,426.15,CC(C)C(C)C(C)O
New1439,525.15,C#CCCCCCCCCCCCC
New1440,751.15,C#CCCCCCCCCCCCCCCCCCCCCCCCCCCCCCCCC
New1441,669,C(=C(c1ccccc1)c1ccccc1)c1ccccc1
New1442,468.15,CC(C)CC(C)C(C)(C)C(C)C
New1443,473.15,CCCC(C)CCC(CC)CC
New1444,777.15,CCCCCCCCCCCCCCCCCCCCCCCCCCCCCCCCCCCCC
New1445,473.15,CCC(O)(CC)CO
New1446,453.15,CCCCC(CC)CCCC
New1447,624.15,CCCCCCCCCC1CCc2ccccc2C1
New1448,478.15,CCCCc1cccc(C)c1
New1449,435.29,CCCC(C)C(C)CCC
New1450,429.66,CCC(C)C(C)CC(C)C
New1451,567.85,CCC=C(c1ccccc1)c1ccccc1
New1452,466,CC(C)C(C)(CO)C(C)(C)C
New1453,393.32,CC(C)C(C)OC=O
New1454,383.15,C=C(C)C(CC)CC
New1455,456.15,CCC(CC)C(C)(C)C(C)C
New1456,540.46,Cc1ccc(C)c2ccccc12
New1457,404.15,CC(C)(C)C(C)(C)O
New1458,446,CCC(CO)C(C)(C)C
New1459,309.08,CCC1CC1
New1460,524.95,Cc1cc(O)cc(C)c1C
New1461,455,CC(C)CC(C)CCCO
New1462,466,CCC(O)C(C)C(CC)CC
New1463,364.15,C#CCC(C)CC
New1464,459.15,CCC(C)(C)C(C)C(C)(C)C
New1465,571.04,CCCCCCCCCCc1ccccc1
New1466,497.35,CCc1ccc(C)cc1O
New1467,458.15,CCC(C)(C)CCCC(C)(C)C
New1468,485,CCCC(C)C(C)CCCO
New1469,413.15,CCCC(C)C(C)=O
New1470,467.15,CCC(C)C(C(C)C)C(C)CC
New1471,443.15,CC(C)(C)CC(O)C(C)(C)C
New1472,651.48,OCCCCCCCCCCCCCCCCO
New1473,421.56,CC(C)CC(C)C(C)(C)C
New1474,536.16,Cc1ccc2c(C)cccc2c1
New1475,472.15,CCCCCC(CCC)CCC
New1476,469.15,CCCC(C(C)(C)C)C(C)(C)C
New1477,433.15,CCC(C)(C)C(C)(C)O
New1478,451.15,CCCC(CC)CCC(C)C
New1479,513.48,CC(C)CC(C)(O)C(C)(C)C
New1480,445.15,CCCC(C(C)C)C(C)(C)C
New1481,442.15,CC(C)C(C)CCC(C)(C)C
New1482,467.15,CC(C)CC(C)(C(C)C)C(C)C
New1483,485,CCC(C)CCCC(C)(C)O
New1484,464.15,CCCC(CC)CC(C)(C)CC
New1485,746.15,C=CCCCCCCCCCCCCCCCCCCCCCCCCCCCCCCC
New1486,359.05,CCC=CC(C)C
New1487,429,CCC(O)C(C)C(C)C
New1488,518.95,CC(=O)CCC(=O)O
New1489,330.85,C#CC(C)CC
New1490,736.15,C#CCCCCCCCCCCCCCCCCCCCCCCCCCCCCCC
New1491,612.15,CCCCCCCc1ccc2ccccc2c1
New1492,463,CC(O)C(C)(C)CC(C)(C)C
New1493,386.15,C=C(CCC)C(C)C
New1494,578.15,CCCCCCCCCCCCCCC(C)(C)C
New1495,442.15,CCC(C)C(C)CC(C)(C)C
New1496,465.15,CCCC(C)C(CC)CC(C)C
New1497,651.15,CCCCCCCCCCCCCCCC(O)CO
New1498,464.15,CCCC(C)C(C)(C)CC(C)C
New1499,455,CCC(C)C(C)(O)CC(C)C
New1500,470.15,CCC(C)(CC(C)(C)C)C(C)C
New1501,470.15,CCCCC(CC)C(C)C(C)C
New1502,455,CC(C)C(C)CCCO
New1503,338.65,Cc1ccoc1
New1504,452.45,CCC#CCCCCCC
New1505,449.75,CCCCC(O)CCC
New1506,447.15,CCCC(C)CC(C)(C)CC
New1507,449.15,CCCC(O)C(C)(C)CC
New1508,697.15,CCCCCCCCCCCCCCC(O)CCCO
New1509,586.4,CCCCCCCCCCCc1ccccc1
New1510,467.15,CC(C)CCC(C)C(C)C(C)C
New1511,455.15,CCCC(CC(C)(C)C)C(C)C
New1512,447.15,CC(O)C(C)(C)O
New1513,666.15,CCCCCCCCCC=C(c1ccccc1)c1ccccc1
New1514,523.15,C=C(C)CCCCCCCCCCC
New1515,473.15,CCCCCC(C)C(CC)CC
New1516,437.15,CCC(C)C(C)CO
New1517,473.15,CCCCCC(C)(C)C(C)(C)C
New1518,480.15,CCCCc1ccc(C)cc1
New1519,650.15,CCCCCCCCCCCCCCCCCC1CCCC1
New1520,450,C=CC(C)C(=O)O
New1521,468.15,CCC(C)C(C)(CC)CC(C)C
New1522,448.15,CC(C)CCC(O)C(C)C
New1523,439.15,CC(CC(C)(C)C)C(C)(C)C
New1524,480.57,CC12CCC(CC1=O)C2(C)C
New1525,406.15,CC(C)CC(C)(C)O
New1526,577.24,CCCCCCCCCCCCCOC=O
New1527,553.25,CC(C)(C)c1ccc2ccccc2c1
New1528,552.65,CC(C)Cc1cccc2ccccc12
New1529,421.15,CCC(O)CC(C)C
New1530,458.15,CCCCCC(C)C(C)CC
New1531,669,O=C(O)C1CCC(C(=O)O)CC1
New1532,475.15,CCC(C)C(C)C(C)(CC)CC
New1533,465.15,CCCC(C)(C)C(C)CC(C)C
New1534,634.15,CCCCCCCCCC(c1ccccc1)c1ccccc1
New1535,449.15,CCCC(CC)CC(C)CC
New1536,609.15,CCCCCCCCCCCCC(O)CO
New1537,458.15,CCC(C)C(C)(C)C(C)CC
New1538,456,CC(C)C(C)(C(C)C)C(C)O
New1539,606.15,CCCCCCCCCCCCCCCCC(C)=O
New1540,585.41,CCCc1c(C)ccc2ccccc12
New1541,500,CCc1cc(C)c(O)cc1C
New1542,420.68,CCC1CCCC1CC
New1543,704.75,CCCCCCCCCCCCCCCCCCCCCCCCCCCC
New1544,515.15,CCc1cc(O)c(C)cc1C
New1545,466,CCC(C)C(C)C(C)(C)O
New1546,637.15,CCCCCCCCCCCCCCC(O)CO
New1547,593.15,CCCCCC(C1CCCCC1)C1CCCCC1
New1548,614.66,CCCCCCCCCCCCCC1CCCCC1
New1549,413.15,CCOCOCOCC
New1550,581.15,CCCCCCCCCCCCCC(C)CC(C)C
New1551,452,CCC(C)C(O)(CC)CC
New1552,480,CC(C)C(C)(O)CO
New1553,469.15,CCCC(C(C)CC)C(C)CC
New1554,728.15,C#CCCCCCCCCCCCCCCCCCCCCCCCCCCCCC
New1555,450.25,CCCC(C)(CC)CO
New1556,481.15,CCCCCCC(C)(C)CO
New1557,541.35,CC(C)c1ccc2ccccc2c1
New1558,434.25,CCCC(C)(O)CCC
New1559,445.15,CCCC(CC(C)C)C(C)C
New1560,653.35,CCCCCCCCCCCCCCCCCCCCCCC
New1561,692.34,CCCCCCCCCCCCCCCCOC(=O)CC
New1562,585.41,Cc1cc(C)c2c(C)c(C)ccc2c1
New1563,465.15,CCC(CC)C(C)(C)CC(C)C
New1564,419.55,CC(C)(C)CC(C)(C)O
New1565,471.15,CCC(CC)(CC)CCC(C)C
New1566,557.15,C=C(C)CCCCCCCCCCCCC
New1567,393.76,CCC(C)COC=O
New1568,585.41,CCc1ccc(CC)c2ccccc12
New1569,404.76,CCC1C=CCCC1
New1570,628.15,C=CCCCCCCCCCCCCCCCCCCC
New1571,561.45,c1ccc(COCc2ccccc2)cc1
New1572,763.15,CCCCCCCCCCCCCCCCCCCCCCCCCCCCCCCCCCC
New1573,452.15,CCC(C)CC(C)C(C)CC
New1574,398.15,CCC(=O)C(C)(C)C
New1575,477.15,CC(C)C(C)(C(C)C)C(C)(C)C
New1576,472.15,CCCC(CC)CCC(C)CC
New1577,479.15,CC(C)CCCCCCO
New1578,535.15,OCCCCCCCO
New1579,480,CCC(CO)C(C)O
New1580,456.15,CC(C)CC(C)CCO
New1581,446.15,CCC(C)CCCO
New1582,473.15,CCC#CCCCCCCC
New1583,766.15,C#CCCCCCCCCCCCCCCCCCCCCCCCCCCCCCCCCCC
New1584,487,CCCCC(C)CCCCO
New1585,584.06,CCCCCCCCCCCCC1CCCC1
New1586,473,CCCCC(C)CCCO
New1587,692.15,C#CCCCCCCCCCCCCCCCCCCCCCCCCC
New1588,668.15,CCCCCCCCCCCCC(c1ccccc1)c1ccccc1
New1589,585.41,Cc1ccc2ccccc2c1C(C)C
New1590,473.15,CCCC(CC)(C(C)C)C(C)C
New1591,598.15,CC#CCCCCCCCCCCCCCCC
New1592,474.95,Cc1ccc(C(C)C)cc1C
New1593,415.95,CCCCC(C)(C)O
New1594,776.15,C=CCCCCCCCCCCCCCCCCCCCCCCCCCCCCCCCCCCC
New1595,777.15,CCCCCCCCCCCCCCCCCCCCCCCCCCCCCCCc1ccccc1
New1596,471.15,CCCC(C)C(C)C(C)CCC
New1597,535.26,CCCCCCCCCC1CCCC1
New1598,465.57,C=Cc1c(C)cccc1C
New1599,628.15,CCCCCCCCc1ccc2ccccc2c1
New1600,551.15,Cc1cccc(-c2ccccc2)c1C
New1601,623.7,CCCCCCCCCCCCCOC(=O)CC
New1602,459,CCCCC(C)C(O)CC
New1603,463.15,CCC(CC)(CC(C)C)C(C)C
New1604,453.15,CCCC(C)C(C)(C)CCC
New1605,392.51,CC1CCC(C)CC1
New1606,395.8,CC1C=CCCC1C
New1607,425.15,CCC(C)C(C)(O)CC
New1608,477.15,CCC(C)C(C)(CC)C(C)(C)C
New1609,520,C=CCOC(=O)/C=C\C(=O)OCC=C
New1610,489.15,CCCCCC(C)CCCO
New1611,555.15,Cc1cc(C)c2ccccc2c1C
New1612,578.15,CCCCCCC1CCCc2ccccc21
New1613,548.15,CCc1cccc2cccc(C)c12
New1614,457.15,CCCC(C)(C)C(C)(C)CC
New1615,465.57,CC=Cc1cccc(C)c1
New1616,614.43,CCCCCCCCCCCCCc1ccccc1
New1617,457.15,CCCCC(O)CC(C)C
New1618,567.15,Cc1cc(C)cc(Cc2ccccc2)c1
New1619,600,CCCCCCCCCCCCCCCCOC(C)=O
New1620,431.15,CC(O)C(C)C(C)(C)C
New1621,439,CC(C)CC(C)(O)C(C)C
New1622,377.15,CC(C)(C)CC=O
New1623,592.15,CCCCCCCCCC(O)CCO
New1624,595.15,CCCCCCCCCCCC(O)CO
New1625,581.04,CCCCC(c1ccccc1)c1ccccc1
New1626,381.65,CC1COCC1C
New1627,364.15,CCCC(C)OC
New1628,473.15,CC(C)CCCCC(C)C(C)C
New1629,453,CCCC(CC)CCO
New1630,496.94,CC(CO)C(C)CO
New1631,452.15,CCCCC(C)CCC(C)C
New1632,460.15,CCC(C)(C)CC(C)C(C)(C)C
New1633,453.15,CCC(C)(C)CC(C)(C)CC
New1634,377.15,C=C(C(C)C)C(C)C
New1635,786.15,C#CCCCCCCCCCCCCCCCCCCCCCCCCCCCCCCCCCCCCC
New1636,450.15,CCC(C)CCC(C)(C)CC
New1637,602.15,C=C(C)CCCCCCCCCCCCCCCC
New1638,428.46,CCC(C(C)C)C(C)(C)C
New1639,465.15,CC(O)CCC(C)C(C)C
New1640,525.15,CCCCCCCCCCC(C)O
New1641,599.35,CCCCCCCCCCCCCC(=O)O
New1642,659.15,CCCCCCCCCCCC(c1ccccc1)c1ccccc1
New1643,505,Cc1ccc(O)cc1C(C)C
New1644,446,CC(C)(C)C(C)(C)CO
New1645,462.15,CCC(C)C(CC(C)C)C(C)C
New1646,515.15,CCCc1ccc(O)c(C)c1
New1647,569.15,CC#CCCCCCCCCCCCCC
New1648,452.15,CCCC(=O)OCC(C)CC
New1649,411.15,CC1CCC(C)C1(C)C
New1650,458.85,CCCCCC(C)(CC)CC
New1651,426.26,CC(C)CC(C)(C)C(C)C
New1652,473.15,CCCCC(CC)(CC)CCC
New1653,478.15,CCC(C)C(C)(CC)C(C)CC
New1654,430.05,CCCC(=O)OCC(C)C
New1655,453.15,CCC(C)CC(C)(CC)CC
New1656,463.15,CCC(C)CC(C(C)C)C(C)C
New1657,806.74,CCCCCCCCCCCCCCCCCCCCOC(=O)CCC
New1658,471.15,CCCC(C)(CCC)C(C)CC
New1659,431.96,CCC(C)C(C)C(C)(C)C
New1660,433.15,CC(CO)C(C)(C)C
New1661,470.15,CCC(C)C(CC)C(C)(C)CC
New1662,476.15,CCCCC(CC)(CC)C(C)C
New1663,81.7,[C-]#[O+]
New1664,585.41,CCc1cc(C)c(C)c2ccccc12
New1665,550.25,C=C(c1ccccc1)c1ccccc1
New1666,461,CCC(CC)C(C)(C)CO
New1667,418,CC(C)(C)C1CCCC1
New1668,453.15,CCC(C)CCC(C)C(C)C
New1669,454,CCCCCC(C)C(C)O
New1670,411.15,CCC1CCCC1(C)C
New1671,458.15,C=C(C)c1cccc(C)c1
New1672,470.15,CCC(C)Cc1ccccc1
New1673,464.15,CC(C)C(C)CCCC(C)(C)C
New1674,474.15,CCC(C)(C)C(C)(O)C(C)C
New1675,343.15,C#CC(C)(C)CC
New1676,558.15,OCCCCCCCCCO
New1677,436.15,CC(C)(C)CCCC(C)(C)C
New1678,601.15,CCCCCCCCCCCCCCCC(C)O
New1679,459.15,C=C(C)c1ccc(C)cc1
New1680,417.7,COCCOC(C)=O
New1681,619.15,CCCCCCCCCCCCCCCCC1=CCCC1
New1682,620.15,CCCCCCCCCCCC(O)CCO
New1683,585.41,CCc1cccc2c(C)ccc(C)c12
New1684,470.15,CCC(C(C)C)C(C)(C)C(C)C
New1685,477.15,CCCC(CC)(CC)C(C)CC
New1686,473.15,CCCC(C)C(C)(CC)CCC
New1687,433,CCC(O)CCC(C)C
New1688,463.15,CCCCCC(C)(C)CC(C)C
New1689,417.86,CCC(C)(CC)C(C)C
New1690,494.25,CCCCC(C)(O)CO
New1691,530.99,CCC(O)C(C)C(C)O
New1692,536.15,CCCCCC(O)CCO
New1693,386.15,CC(C)C(C)C=O
New1694,444.15,CCC(C)C(C)C(C)O
New1695,914.15,CCCCCCCCCCCCCCCCCCCCCCCCCCCCCCCCCCCCCCCCCCCCCCCCCCCCCCCCCCCCCCCCCC
New1696,394.56,CCCC(C)(C)O
New1697,487.65,CC(C)c1ccccc1O
New1698,346.28,CC#CC(C)C
New1699,473.85,CCc1cc(C)cc(CC)c1
New1700,479.15,CC#CCCCCCCCC
New1701,594.15,CCCCCCCC1CCCc2ccccc21
New1702,552.39,Cc1cccc(Cc2ccccc2)c1
New1703,640.16,CCCCCCCCCCCCCCCC1CCCCC1
New1704,449,CCC(C)(C)C(C)CO
New1705,458.15,CC(C)CC(C)CCC(C)(C)C
New1706,432.15,CC(C)CC(C)CO
New1707,530.15,CCCCCCCCCCCC(C)(C)C
New1708,331.47,CC(C)C1CC1
New1709,594.95,CCCCC=C(c1ccccc1)c1ccccc1
New1710,465.57,CC=Cc1ccccc1C
New1711,472.15,CCC(CC)C(C)C(C)(C)CC
New1712,570.15,CC(Cc1ccccc1)c1ccccc1
New1713,754.15,C=CCCCCCCCCCCCCCCCCCCCCCCCCCCCCCCCC
New1714,453.15,CCCCCCCC(C)(C)C
New1715,345.67,C=CCC(C)(C)C
New1716,465.15,CCCC(C)CC(C)CC(C)C
New1717,455.15,CCCCC(C)C(C)CCC
New1718,467.15,CC(C)CCCC(C)C(C)(C)C
New1719,421.15,CCC1CCC(C)CC1
New1720,510,CCc1cc(C)c(C)c(O)c1
New1721,383.45,CC1=CCCCC1
New1722,571.15,Cc1ccc(Cc2ccccc2)cc1C
New1723,424.15,CC(C)C(O)C(C)(C)C
New1724,419.52,CCCC1CCCC1C
New1725,480,CCC(O)(CC)C(C)O
New1726,375.65,C=CCCC(C)(C)C
New1727,452.15,CCCC(C)CC(C)CCC
New1728,439.15,CCC(C)(C)C(C)(O)CC
New1729,627.16,CCCCCCCCCCCCCCC1CCCCC1
New1730,356.15,COCC(C)(C)C
New1731,462,CCCC(CCC)CCO
New1732,467.15,CCCC(C)(CC)CC(C)(C)C
New1733,473.15,CCC(C)(C)CC(C)(C)C(C)C
New1734,385.15,CCC=CC(C)CC
New1735,383.15,C=CCC(CC)CC
New1736,343.15,C=C=C(C)CC
New1737,572.15,CCCCCCCCCCCCCC(C)O
New1738,468.15,CCC(C)CC(O)CC(C)C
New1739,444.15,CC(C)CCC(C)CC(C)C
New1740,447.85,CCCCCC(O)CC
New1741,600.15,OCCCCCCCCCCCCO
New1742,520,CCCCCCCCCCCOC(C)=O
New1743,676.15,CCCCCCCCCCCCc1cccc2ccccc12
New1744,386.45,C=CCCC(C)CC
New1745,570.18,CCc1ccc(Cc2ccccc2)cc1
New1746,511.15,CCC#CCCCCCCCCC
New1747,421.15,CC(C)C1(C)CCCC1
New1748,469.15,CCCC(C)C(CCC)CCC
New1749,599.15,CCCCCCCC(O)CCCO
New1750,547.43,Cc1c(O)cccc1C(C)C
New1751,556.15,Cc1cc2ccccc2c(C)c1C
New1752,432.06,CCCC(CCC)C(C)C
New1753,424.16,CCCC(C)(C)CC(C)C
New1754,469.15,CCC(CCCC(C)C)C(C)C
New1755,464.15,CCC(C(C)C)C(C)C(C)(C)C
New1756,517.03,CC(C)(C)CC(O)CO
New1757,621.15,C1CCCCCCCCCCCCCCCCCCC1
New1758,437.15,CCC(O)C(CC)CC
New1759,467.15,CC(C)(C)C(C)(C)C(C)(C)C
New1760,676.15,CCCCCCCCCCCCCCCC(O)CCO
New1761,470.15,CCCCC(CCC)CCCC
New1762,426.96,CCC(C)(C)CC(C)(C)C
New1763,449.15,CCC(C)(CC(C)C)C(C)C
New1764,447,CCCC(C)C(C)CO
New1765,668.76,CCCCCCCCCCCCCCCCCOC=O
New1766,467.15,CCCC(C)C(CCC)C(C)C
New1767,468.15,CC(C)(C)CC(C)(C)C(C)(C)C
New1768,435.35,CC(C)CC(C)CC(C)(C)C
New1769,454.15,CCCC(C)C(C)C(C)CC
New1770,474.15,CCCCCC(O)CCCC
New1771,447.15,CCCC(CCC)CC(C)C
New1772,469.15,CCC(C)C(C)(C)CC(C)(C)C
New1773,474.15,CCCCCCC(CC)C(C)C
New1774,415.65,CCC(O)(CC)CC
New1775,484.65,CC(O)C(C)C(C)O
New1776,467.15,CCCC(O)(CCC)CCC
New1777,454,CCCC(C)CCC(C)O
New1778,685.15,CCCCCCCCCCCCCCCCCCCC1CCCCC1
New1779,475.15,CC(CCCO)C(C)(C)C
New1780,588.15,C=C(C)CCCCCCCCCCCCCCC
New1781,315.17,C=CC=CC
New1782,441.55,C=C(C)CCCCCCC
New1783,543.15,Cc1ccc(-c2ccccc2)cc1
New1784,377.15,C=CC(C)(C)CCC
New1785,466,CC(C)CC(C)(C)CCO
New1786,521.55,CC(CCO)CCO
New1787,558.15,Cc1ccc2cccc(C)c2c1C
New1788,562.15,CC=C(c1ccccc1)c1ccccc1
New1789,473.15,CCCCC(C)(CC)C(C)(C)C
New1790,611,O=C(O)CCCCC(=O)O
New1791,710.15,C#CCCCCCCCCCCCCCCCCCCCCCCCCCCC
New1792,470.15,CCCC(C)(C)CC(C)(C)CC
New1793,541.16,Cc1cc2ccccc2cc1C
New1794,592.15,CCCCCCCCCCCCCCCC(C)(C)C
New1795,470.15,CCCC(C)CC(C)C(C)CC
New1796,449.15,CCC(C)(C)CCCC(C)C
New1797,478.15,CCCC(C)C(CC)(CC)CC
New1798,467.85,CCCCCCC(O)CC
New1799,452.15,CCC(CC)CC(CC)CC
New1800,403.75,CCC(C)(C)C(C)=O
New1801,395.15,CC=C(C)CCCC
New1802,650.15,CCCCCCCCCCC(C1CCCCC1)C1CCCCC1
New1803,553.65,Cc1ccccc1Cc1ccccc1
New1804,410,CCCCC(=O)OC
New1805,508.21,CC(O)C(C)CCCO
New1806,471.15,CCCCC(CC)C(C)(C)CC
New1807,557.15,CCCCCCCCCCCCC(C)O
New1808,433.15,CC(C)(C)CCCO
New1809,755.15,CCCCCCCCCCCCCCCCCCCCCCCCCCCCCCCCCC
New1810,722.15,CCCCCCCCCCCCCCCCCCCCCCCC1CCCCC1
New1811,570.15,CCCCCCCCCCCCCCC(C)C
New1812,507.16,C#CCCCCCCCCCCC
New1813,399.69,CCC(C)CC(C)(C)C
New1814,479.15,CCC(C(C)C)(C(C)C)C(C)C
New1815,468.15,CCC(C)CC(CC)CO
New1816,519.85,CCCCCCCCCCC(C)=O
New1817,323.15,C=CCC(=C)C
New1818,413.62,CCC(C)C(C)(C)CC
New1819,466.18,C=Cc1cc(C)ccc1C
New1820,586.26,CCCCCCCCCCCC1CCCCC1
New1821,464.15,CCCCC(C)(C)CC(C)CC
New1822,455.15,CCC(CC)CCCC(C)C
New1823,464.15,CCC(C(C)C)C(C)CC(C)C
New1824,508.21,CCCCC(O)C(C)O
New1825,431.35,CCCC(C)(O)C(C)C
New1826,463.15,CCC(C)C(C)CCC(C)(C)C
New1827,534.15,CCCC1CCc2ccccc2C1
New1828,474.15,CCC(C)(C(C)C)C(C)C(C)C
New1829,515.25,CCC(C)c1ccc(O)cc1
New1830,745.15,CCCCCCCCCCCCCCCCCCCCCCCCCCCC1CCCC1
New1831,546.66,CCCc1ccc2ccccc2c1
New1832,459.15,CCCCC(C)(O)C(C)(C)C
New1833,750.15,CCCCCCCCCCCCCCCCCCCCCCCCCCCc1ccccc1
New1834,447.15,CC(C)C(C)C(C)C(C)(C)C
New1835,462.15,CCCC(CC)CCC(C)(C)C
New1836,508.15,CCCC(O)CCO
New1837,346.15,C=CC=CCC
New1838,613.15,CCCCCCCCCCCCCCCCC(C)CC
New1839,607,C/C(=C/C(=O)O)C(=O)O
New1840,364.55,CC1C=CCC1C
New1841,451.45,CCCCC(C(C)C)C(C)C
New1842,385.15,CC=C(C)CC(C)C
New1843,473,CCCCCCC(C)CO
New1844,770.15,CCCCCCCCCCCCCCCCCCCCCCCCCCCCCCCCCCCC
New1845,551.45,CC(C)(C)c1cccc2ccccc12
New1846,434.06,CCC(CC)C(C)C(C)C
New1847,377.15,C=CC(C)C(C)(C)C
New1848,414.15,CC(C)C1CCCC1C
New1849,591,CCCCCCCCCOCCCCCCCCC
New1850,411.95,CC(C)C(O)C(C)C
New1851,445.15,CCC(CC)CCC(C)(C)C
New1852,406.15,CCCC(=O)C(C)C
New1853,452.15,CCCC(CO)CCC
New1854,418.35,CC1CCCCC1(C)C
New1855,619.15,CCCCCCCC(c1ccccc1)c1ccccc1
New1856,445.35,C=C(C)c1ccccc1C
New1857,413.15,CCC(C)COC(C)=O
New1858,385.15,C=CC(C)C(C)CC
New1859,517.15,CCCCCCCCOC(=O)CCC
New1860,794.15,CCCCCCCCCCCCCCCCCCCCCCCCCCCCCCCCCC1CCCCC1
New1861,380.65,C=CC(CC)C(C)C
New1862,634.15,CCCCCCCCCCCCC(O)CCO
New1863,547.87,CCCc1ccc(C)cc1O
New1864,415,CCCCC(=O)OCC
New1865,433.15,CCC(C)C(O)C(C)C
New1866,401.65,CC(=O)OC(C)C(C)C
New1867,466,CCCCC(O)C(CC)CC
New1868,669,CC(C)(OOC(C)(C)c1ccccc1)c1ccccc1
New1869,583.15,CCCCCCC1CCc2ccccc2C1
New1870,571.15,CCCCCCCCCCCCCC(C)CC
New1871,581,OCCOCCOCCOCCO
New1872,628.15,OCCCCCCCCCCCCCCO
New1873,462.15,CCCCCC(C)(O)CC
New1874,576,CCCCC(O)C(=O)O
New1875,485,CCCCC(C)CC(C)(C)O
New1876,359.52,C=C(CC)C(C)C
New1877,461.15,CCC(C)(CO)CC(C)C
New1878,493.95,CC(O)CCC(C)O
New1879,479.15,CCCCCCC(C)CCCC
New1880,475.15,CCCCC(C)(C)C(C)(C)CC
New1881,457.15,CCCCCC(O)C(C)C
New1882,612.15,CC#CCCCCCCCCCCCCCCCC
New1883,473.15,CC(C)C(O)CO
New1884,488.95,CCc1cc(C)c(C)c(C)c1
New1885,434.26,CCCC(C)(C)C(C)CC
New1886,449.15,CCCC(C)C(C)C(C)(C)C
New1887,570,CCCCCCCCCCCCCCOC(C)=O
New1888,458.15,CCCC(CC(C)C)C(C)(C)C
New1889,460.31,CCCC(=O)OC(C)(C)CC
New1890,445.15,CCCC(C)(C)CCC(C)C
New1891,459.15,CCC(C)C(CC)CC(C)(C)C
New1892,463.15,CCCC(O)(CCC)C(C)C
New1893,479.75,CCc1cccc(C)c1CC
New1894,543.16,CCc1ccc2ccc(C)cc2c1
New1895,411.15,CC1CCOC1
New1896,496.94,CC(C)C(CO)CO
New1897,462.66,CCCC(=O)OC(C)C(C)C
New1898,361.26,CC=CCC(C)C
New1899,443.15,CC(C)C(C(C)C)C(C)(C)C
New1900,365.35,CC1(C)CCCO1
New1901,487.15,CCc1cccc(C)c1O
New1902,694.15,C=CCCCCCCCCCCCCCCCCCCCCCCCCC
New1903,564.01,CCc1ccccc1Cc1ccccc1
New1904,460.15,CCCCC(CC)CC(C)(C)C
New1905,390.3,CCCCOCCC
New1906,455.15,CCC(C)C(C)C(CC)CC
New1907,448.15,CCC(CC)CC(C)(C)CC
New1908,602,O=C(O)CC(O)C(=O)O
New1909,539.15,CCCCCCCC(O)CO
New1910,473.15,CCCC(CC)(CCC)C(C)C
New1911,459.15,CCC(CC)C(C)(CC)CC
New1912,466,CC(O)CC(C)CC(C)(C)C
New1913,455,CC(C)CC(O)CC(C)(C)C
New1914,515.15,CCCC(O)CCCO
New1915,453.15,CCCC(C)(C(C)C)C(C)C
New1916,433.96,CCCC(C)(CC)CCC
New1917,451.15,CCCC(CC)C(C)(C)O
New1918,430.25,CCC#CCCCCC
New1919,273.88,CC1CC1
New1920,445.15,CCCC(C)CCO
New1921,465.15,CCC(CC(C)C)C(C)(C)CC
New1922,515.15,CCc1cc(O)cc(C)c1C
New1923,553.15,Cc1cc2cccc(C)c2cc1C
New1924,571.15,CCCCCCCCCCCCC(C)C(C)C
New1925,573.15,CCC#CCCCCCCCCCCCCC
New1926,460.46,C1CCC2CCCCC2C1
New1927,453.15,CCCCC(CCC)CCC
New1928,357.43,C=C(C)C(C)CC
New1929,471.15,CCCCCC(C)CCC(C)C
New1930,737.4,CCCCCCCCCCCCCCCCCCCCOC=O
New1931,556.71,CCC(C1CCCCC1)C1CCCCC1
New1932,452.15,CCCC(O)(CC)CCC
New1933,623.7,CCCCCCCCCCCCOC(=O)CCC
New1934,655.15,CCCCCCCCCCCC(O)CCCO
New1935,657.15,CCCCCCCCOC(=O)c1ccccc1C(=O)OCCCCCCCC
New1936,463.85,C=C(C)CCCCCCCC
New1937,474.15,CCCCC(C)(C(C)C)C(C)C
New1938,428.55,CCCC(C)C(O)CC
New1939,391.11,CC1(C)CCC(C)(C)C1
New1940,425.15,CCCC(=O)OC(C)CC
New1941,377.15,CCC(C)(C)C=O
New1942,459.15,CCC(C)(C(C)C)C(C)(C)C
New1943,451.15,CCC(C(C)C)C(C)(C)CC
New1944,385.35,CC(C)=CCC(C)C
New1945,478.15,CCCc1ccc(CC)cc1
New1946,466.15,CC=CCC(=O)O
New1947,475.15,CCCC(C)CCCC(C)CC
New1948,560.15,Cc1cc(O)cc(O)c1
New1949,465.15,CCCC(CC(C)CC)C(C)C
New1950,365,C#CCCC(C)C
New1951,439.15,CCCC(CC)CO
New1952,409.15,CCC(O)C(C)(C)C
New1953,467.15,CCC(C)(CC)CC(C)C(C)C
New1954,569.15,Cc1cccc(CCc2ccccc2)c1
New1955,509.15,CCc1cc(C)cc(O)c1
New1956,450,CCC(C)C(CC)CO
New1957,451.15,CCCCCC(C)CC(C)C
New1958,424.15,CCC(C)CC(C)O
New1959,379.48,CCC1=CCCC1
New1960,735.15,CCCCCCCCCCCCCCCCCCCCCCCCCc1ccccc1
New1961,429.85,CCCCCC(C)(C)O
New1962,469.15,CCC(C)(CCC(C)C)C(C)C
New1963,475.75,Cc1cccc(C(C)C)c1C
New1964,449.15,CCC(C)(C)C(C)CC(C)C
New1965,403.15,CC1CC(C)C(C)(C)C1
New1966,711.15,CCCCCCCCCCCCCCCCCCCCCCc1ccccc1
New1967,466,CCCC(C)CC(C)(O)CC
New1968,600.16,C#CCCCCCCCCCCCCCCCCC
New1969,462.15,CCC(C)(O)CO
New1970,679.15,CCCCCCCCCCCCCC(C1CCCCC1)C1CCCCC1
New1971,475,CC(C)C(C)(O)CC(C)(C)C
New1972,453.15,CCC(C)CCCCC(C)C
New1973,428.95,C=CCc1ccccc1
New1974,585.41,Cc1cc2ccccc2cc1C(C)C
New1975,555.11,Cc1ccc(Cc2ccccc2)cc1
New1976,471.15,CCCC(CC)CCCC(C)C
New1977,507.15,CCCCCCCCC(C)CC(C)C
New1978,463.15,CC(C)CC(C)(C)C(C)C(C)C
New1979,461,CCC(CC)(CC)C(C)O
New1980,458.15,CCCC(C)C(C)(CC)CC
New1981,478.15,CCc1ccc(C)c(CC)c1
New1982,448.15,CC(C)C(C)CC(C)C(C)C
New1983,547.87,CCCc1cc(C)ccc1O
New1984,391.75,CC(C)C(C)(C)O
New1985,628,CCCCC/C=C\C/C=C\CCCCCCCC(=O)O
New1986,464,CCCC(C)C(O)CC(C)C
New1987,374.2,COC(=O)C(C)(C)C
New1988,448.15,CCC(C)C(C(C)C)C(C)C
New1989,485.15,CC(C)CCCC(C)CCO
New1990,664.15,CCCCCCCCCCCc1cccc2ccccc12
New1991,457.15,CC(C)CCC(C)(C)CC(C)C
New1992,353.15,CCCOC(C)C
New1993,523.16,CCc1cc(CC)c(CC)cc1CC
New1994,531.15,CCCc1cc(C)cc(O)c1
New1995,455.15,CCCCCC(C)(C)C(C)C
New1996,507.15,CCC(CC)(CO)CO
New1997,433,CCCC(C)(C)C(C)O
New1998,780.15,CCCCCCCCCCCCCCCCCCCCCCCCCCCCCCCCC1CCCC1
New1999,380.35,C=CCC(C)(C)CC
New2000,613.16,C#CCCCCCCCCCCCCCCCCCC
New2001,471.15,CCCC(C)CCC(C)(C)CC
New2002,585.41,CCc1ccc(C)c2cc(C)ccc12
New2003,453.15,CCCCC(C)(C)C(C)(C)C
New2004,465.15,CCc1cccc(C(C)C)c1
New2005,505.76,CCC(C)(O)C(C)O
New2006,515,CCc1c(C)ccc(O)c1C
New2007,410.88,CC#CCCCCC
New2008,443.15,CC(C)CCC(C)C(C)(C)C
New2009,469.15,CC(C)CCCC(C)(C)C(C)C
New2010,440.22,CCC(=O)OC(CC)CC
New2011,683.15,CCCCCCCCCCCCCC(O)CCCO
New2012,523.66,CCc1cc(CC)c(CC)c(CC)c1
New2013,462,CCCCC(CC)C(C)O
New2014,404.5,CC(C)CC(C)C(C)C
New2015,343.75,CCC1CCC1
New2016,559.15,Cc1cccc(-c2cccc(C)c2)c1
New2017,557.65,Cc1cc(C)c2cccc(C)c2c1
New2018,481.15,CCC(C)(CC)C(C)(C)C(C)C
New2019,466.15,CCC(CC(C)C(C)C)C(C)C
New2020,459.75,CCC(C)CCCCO
New2021,387.65,C1COOOC1
New2022,535,CCc1c(C)cc(C)cc1O
New2023,389.15,CCC=C(CC)CC
New2024,472.05,CC(C)CCc1ccccc1
New2025,487,CCC(C)CCCCCCO
New2026,711.15,CCCCCCCCCCCCCCCC(O)CCCO
New2027,600.76,CCCCCCCCCCCCc1ccccc1
New2028,538.15,CCCCCCCCCCC(C)C(C)C
New2029,487,CCCCC(C)CCC(C)O
New2030,303.45,CC1CCC1
New2031,385.65,CCC(C)(C)OC=O
New2032,357.15,C#CC(CC)CC
New2033,691.15,CCCCCCCCCCCCCCCC(c1ccccc1)c1ccccc1
New2034,701.15,C#CCCCCCCCCCCCCCCCCCCCCCCCCCC
New2035,451.1,CC(CC(C)(C)C)CC(C)(C)C
New2036,466,CCC(C)(C)CC(C)(C)O
New2037,580.15,CCCCC(C1CCCCC1)C1CCCCC1
New2038,467.15,CCCC(C(C)C)C(C)(C)CC
New2039,469.15,CCC(CC)CCC(C)(C)CC
New2040,467.65,CC(C)C(O)(C(C)C)C(C)C
New2041,627.15,CCCCCCCCCC(O)CCCO
New2042,453.15,CCC(CC(C)(C)C)C(C)(C)C
New2043,655.15,CCCCCCCCC=C(c1ccccc1)c1ccccc1
New2044,585.41,CCc1cc2c(C)cccc2cc1C
New2045,449.15,CCC(C)CC(C)(C)C(C)C
New2046,540.15,Cc1ccc(C)c(-c2ccccc2)c1
New2047,481.55,CCCCCCC(O)C(C)C
New2048,497,CC(O)CCCO
New2049,461.05,CCCCCCC(C)CCC
New2050,485,CC(C)CCCCC(C)(C)O
New2051,465.15,CCCCC(C)(C)CC(C)(C)C
New2052,645,CCCCCCCCCCCCCCCCCCCOC(C)=O
New2053,642.15,CCCCCCCCCc1ccc2ccccc2c1
New2054,395.15,CCC=C(C)CCC
New2055,370.55,CCC(C)=C(C)C
New2056,433.15,CCC(O)(CC)C(C)C
New2057,460.15,CC(C)CC(CO)C(C)C
New2058,475.15,CC(C)CCC(O)CC(C)C
New2059,384.35,C=C(C)CC(C)CC
New2060,515,CCCc1cccc(C)c1O
New2061,454.15,CCCCC(C)(C)C(C)CC
New2062,683.15,CCCCCCCCCCCCCCCCCCCCC1CCCC1
New2063,585.41,CCc1c(C)cc(C)c2ccccc12
New2064,479.15,CCC(CC)C(CC)(CC)CC
New2065,439,CCC(C)(O)CC(C)(C)C
New2066,467.15,Cc1cccc(CC(C)C)c1
New2067,472.15,CCC(C)C(C)CCCC(C)C
New2068,467.15,CCC(C)CCC(C)C(C)(C)C
New2069,585.41,Cc1cc(C(C)C)cc2ccccc12
New2070,493.15,CC1CCc2ccccc2C1
New2071,456.15,CC(C)CC(CC(C)C)C(C)C
New2072,455.15,CCCCC(CC)C(C)CC
New2073,527.15,CCCCCCCCCC1=CCCC1
New2074,391.15,CC=CCC(C)CC
New2075,464.15,CCCC(C)(C)CC(CC)CC
New2076,627.15,C#CCCCCCCCCCCCCCCCCCCC
New2077,457.15,CCCC(C)(C)CCC(C)(C)C
New2078,405,CCCC#CCCC
New2079,453.15,CC(C)CC(C(C)C)C(C)(C)C
New2080,465.15,CCC(C)C(C)(O)C(C)(C)C
New2081,544.32,CC(C1CCCCC1)C1CCCCC1
New2082,584.15,CCCCCCCCCCCCCC1=CCCC1
New2083,713.15,C=CCCCCCCCCCCCCCCCCCCCCCCCCCCC
New2084,731.15,CCCCCCCCCCCCCCCCCCCCCCCCC1CCCCC1
New2085,471.15,CCCC(C)(CC)C(C)C(C)C
New2086,443.15,CCCC(C)(C)CC(C)(C)C