DIPPR ID,Melting Point,smiles
2,,CC
3,,CCC
4,,CC(C)C
6,,CC1CCCC(C)(C)C1
7,,CCCCC
8,,CCC(C)C
9,,CC(C)(C)C
11,,CCCCCC
13,,CCC(C)CC
17,,CCCCCCC
19,,CCCC(C)CC
20,,CCC(CC)CC
21,,CCCC(C)(C)C
23,,CC(C)CC(C)C
24,,CCC(C)(C)CC
27,,CCCCCCCC
28,,CCCCCC(C)C
29,,CCCCC(C)CC
30,,CCCC(C)CCC
32,,CCCCC(C)(C)C
35,,CC(C)CCC(C)C
36,,CCCC(C)(C)CC
38,,CCC(CC)C(C)C
39,,CCC(C)(CC)CC
40,,CCC(C)C(C)(C)C
41,,CC(C)CC(C)(C)C
42,,CCC(C)(C)C(C)C
43,,CC(C)C(C)C(C)C
44,,CC(C)(C)C(C)(C)C
46,,CCCCCCCCC
47,,CC(C)CCC(C)(C)C
49,,CCC(C)(C)CC(C)C
51,,CCC(C)(C)C(C)(C)C
52,,CC(C)C(C)C(C)(C)C
53,,CC(C)(C)CC(C)(C)C
54,,CC(C)C(C)(C)C(C)C
55,,CC(C)CCCC(C)CCCC(C)CCCCC(C)CCCC(C)CCCC(C)C
56,,CCCCCCCCCC
57,,CCCC(C)(C)C(C)(C)C
58,,CC(C)(C)CCC(C)(C)C
61,,CC(C)CC1CCCCC1
62,,CC(C)(C)C1CCCCC1
63,,CCCCCCCCCCC
64,,CCCCCCCCCCCC
65,,CCCCCCCCCCCCC
67,,CCCCCCCCCCCCCCC
68,,CCCCCCCCCCCCCCCC
69,,CCCCCCCCCCCCCCCCC
70,,CCCCCCCCCCCCCCCCCC
71,,CCCCCCCCCCCCCCCCCCC
73,,CCCCCCCCCCCCCCCCCCCC
74,,CCCCCCCCCCCCCCCCCCCCC
75,,CCCCCCCCCCCCCCCCCCCCCC
76,,CCCCCCCCCCCCCCCCCCCCCCC
77,,CCCCCCCCCCCCCCCCCCCCCCCC
78,,CCCCCCCCCCCCCCCCCCCCCCCCC
79,,CCCCCCCCCCCCCCCCCCCCCCCCCC
80,,CCCCCCCCCCCCCCCCCCCCCCCCCCC
81,,CCCCCCCCCCCCCCCCCCCCCCCCCCCC
82,,CCCCCCCCCCCCCCCCCCCCCCCCCCCCC
85,,CCCCCCC(C)CC
86,,CCCCCCCC(C)C
87,,CCCCCC(C)CCC
88,,CCCCC(C)CCCC
91,,CCCCCCC(C)C
92,,CCCCCC(C)CC
93,,CCCCC(C)CCC
94,,CCCCC(CC)CC
96,,CCCCCC(C)(C)C
97,,CCCCCCCC(C)CC
98,,CCCCCCCCCC(C)CC
99,,CCCCCCCCCCC(C)CC
100,,CCCCCCCCC(C)CC
101,,C1CC1
104,,C1CCCC1
109,,C[C@H]1CCC[C@H]1C
110,,C[C@@H]1CCC[C@H]1C
111,,C[C@H]1CC[C@@H](C)C1
112,,C[C@@H]1CC[C@@H](C)C1
114,,CCCC1CCCC1
115,,CC(C)C1CCCC1
116,,CCC1(C)CCCC1
117,,CC1CCC(C)C1C
118,,CC1CCC(C)(C)C1
119,,CC1CC(C)C(C)C1
120,,CC1CCCC1(C)C
128,,CCCCCCCCC(C)C
129,,CCCCCCCCCC(C)C
130,,CCCCCCCCCCC(C)C
132,,CCCCCCCCCCCC(C)C
137,,C1CCCCC1
140,,CCC1CCCCC1
141,,CC1(C)CCCCC1
142,,C[C@H]1CCCC[C@H]1C
143,,C[C@@H]1CCCC[C@H]1C
144,,C[C@H]1CCC[C@@H](C)C1
145,,C[C@@H]1CCC[C@@H](C)C1
146,,C[C@H]1CC[C@@H](C)CC1
147,,C[C@H]1CC[C@H](C)CC1
148,,C[C@H]1C[C@H](C)C[C@@H](C)C1
149,,CCCC1CCCCC1
150,,CC(C)C1CCCCC1
152,,CCCCC1CCCCC1
155,,C1CCC(C2CCCCC2)CC1
156,,CCC1(CC)CCCCC1
158,,CCCCCCCCCCC1CCCCC1
160,,C1CCCCCCC1
162,,CCCCC(C)C(C)C
163,,CCCCCCC(C)C(C)C
164,,CCCCCCCC(C)C(C)C
165,,CCCCCCCCC(C)C(C)C
166,,CCCCCCCCCC(C)C(C)C
176,,CC(C)CCCC(C)C
190,,CCC(CC)C(C)(C)C
192,,CCC(C(C)C)C(C)C
201,,C=C
202,,C=CC
203,,C=CCCCCCCCCCCCCCCCCCCCCCCCCCCCC
204,,C=CCC
206,,C/C=C/C
207,,C=C(C)C
210,,C/C=C\CC
211,,C/C=C/CC
212,,C=C(C)CC
213,,C=CC(C)C
214,,CC=C(C)C
215,,C=CCCCCCCCCCCCCCCCCCCCCCCCCCCCCCCCCCC
217,,C/C=C\CCC
218,,C/C=C/CCC
219,,CC/C=C\CC
220,,CC/C=C/CC
221,,C=C(C)CCC
222,,C=CC(C)CC
223,,C=CCC(C)C
224,,CCC=C(C)C
225,,C/C=C(/C)CC
226,,C=CCC(C)CC
227,,C/C=C\C(C)C
228,,C/C=C/C(C)C
229,,C=C(CC)CC
230,,C=C(C)C(C)C
231,,C=CC(C)(C)C
232,,CC(C)=C(C)C
234,,C=CCCCCC
236,,C/C=C/CCCC
237,,CC/C=C/CCC
238,,C=C(C)CCCC
239,,C=CC(CC)CC
243,,C=CCCCCCCCCCCCCCCCCCCCCCCCCCCCCCCCCCCCCCC
246,,C=CC1CCCCC1
247,,CCC1=CCCCC1
248,,C=C(C)C(C)(C)C
249,,CC/C=C\CCC
251,,C/C=C/CCCCC
256,,C=C(C)CC(C)(C)C
257,,CC(C)=CC(C)(C)C
262,,C=CCCCCCCCCCC
263,,C=CCCCCCCCCCCC
264,,C=CCCCCCCCCCCCC
265,,C=CCCCCCCCCCCCCC
267,,C=CCCCCCCCCCCCCCCCC
273,,C1=CCCCCC1
274,,C1=CCCCCCC1
276,,C/C=C\CCCCC
277,,CC/C=C/CCCC
278,,CCC/C=C\CCC
279,,CCC/C=C/CCC
280,,CC/C=C\CCCC
281,,C=CCCCCCCCCCCCCCCC
283,,C=CCCCCCCCCCCCCCCCCC
284,,C=CCCCCCCCCCCCCCCCCCC
285,,C=CC1CC=CCC1
286,,CC1=CCCC1
288,,CC1CC=CC1
290,,C=C(C)C1CC=C(C)CC1
293,,C=CCCCCCCCCCCCCCCCCCCCC
294,,C=CCCCCCCCCCCCCCCCCCCCCCC
295,,C=CCCCCCCCCCCCCCCCCCCCCCCCC
296,,C=CCCCCCCCCCCCCCCCCCCCCCCCCCC
301,,C=C=C
302,,C=C=CC
303,,C=CC=C
304,,C=C=CCC
306,,C=C/C=C/C
307,,C=CCC=C
308,,CC=C=CC
310,,C=CCCC=C
311,,C=C=C(C)C
313,,C=CCC=CC
314,,C/C=C/C=C/C
315,,C1=CCC=C1
316,,C1=CC2C3C=CC(C3)C2C1
319,,C=C(C)C(=C)C
320,,C/C=C\C=C\C
322,,C1=CCCC=CCCC=CCC1
329,,C=C(C)CCC(=C)C
330,,CC(C)=CC=C(C)C
331,,C1=CCCC=C1
332,,C1=CCC=CC1
333,,C1=CCCC=CCC1
342,,C=CCCCCCCC=C
343,,C1=CC=CC=CC=C1
401,,C#C
402,,C#CC
403,,C#CCC
404,,CC#CC
405,,C#CCCC
406,,CCC#CCC
407,,CC#CCCC
408,,C#CC(C)(C)C
412,,CC#CCC
413,,C#CCCCC
414,,C#CC(=C)C
416,,C#CCCCCCC
419,,C#CC(C)C
424,,C(#Cc1ccccc1)c1ccccc1
426,,C#CCCCCCCC
427,,C#CCCCCCCCC
501,,c1ccccc1
502,,Cc1ccccc1
504,,CCc1ccccc1
505,,Cc1ccccc1C
506,,Cc1cccc(C)c1
507,,Cc1ccc(C)cc1
510,,CC(C)c1ccccc1
512,,CCc1cccc(C)c1
513,,CCc1ccc(C)cc1
514,,Cc1cccc(C)c1C
515,,Cc1ccc(C)c(C)c1
516,,Cc1cc(C)cc(C)c1
517,,Cc1cc(C(C)C)cc(C(C)C)c1
519,,CC(C)Cc1ccccc1
520,,CCC(C)c1ccccc1
521,,CC(C)(C)c1ccccc1
522,,Cc1ccccc1C(C)C
523,,Cc1cccc(C(C)C)c1
524,,Cc1ccc(C(C)C)cc1
525,,CCc1ccccc1CC
526,,CCc1cccc(CC)c1
527,,CCc1ccc(CC)cc1
528,,CC(C)c1ccc(-c2ccc(C(C)C)cc2)cc1
530,,Cc1ccc(C)c(C)c1C
531,,Cc1cc(C)c(C)c(C)c1
532,,Cc1cc(C)c(C)cc1C
533,,CCc1ccc(C(C)(C)C)cc1
534,,CC(C)(C)c1ccc(C(C)(C)C)cc1
535,,Cc1c(C)c2c(c(C)c1O)CCC(C)(CCCC(C)CCCC(C)CCCC(C)C)O2
536,,CC(C)(C)c1cc(C(C)(C)C)cc(C(C)(C)C)c1
537,,CC(C)c1cc(C(C)C)cc(C(C)C)c1
541,,Cc1cc(C)c(C)c(C)c1C
542,,CC(C)c1cc(C(C)C)c(C(C)C)cc1C(C)C
543,,CC(C)c1cccc(C(C)C)c1
544,,CC(C)c1ccc(C(C)C)cc1
545,,CCc1ccc(CC)c(CC)c1
547,,Cc1c(C)c(C)c(C)c(C)c1C
549,,CCCCCCCc1ccccc1
553,,CCc1cc(CC)c(CC)c(CC)c1
554,,CCCCCCCCCCc1ccccc1
556,,CCc1c(CC)c(CC)c(CC)c(CC)c1CC
557,,c1ccc(C2CCCCC2)cc1
559,,c1ccc(-c2ccc(-c3ccccc3)cc2)cc1
560,,c1ccc(-c2cccc(-c3ccccc3)c2)cc1
561,,c1ccc(-c2ccccc2-c2ccccc2)cc1
562,,CC(c1ccccc1)c1ccccc1
563,,c1ccc(Cc2ccccc2)cc1
564,,c1ccc(CCc2ccccc2)cc1
567,,CCCCCc1ccccc1
568,,CCCCCCc1ccccc1
569,,CCCCCCCCc1ccccc1
570,,CCCCCCCCCc1ccccc1
571,,CCCCCCCCCCCc1ccccc1
572,,CCCCCCCCCCCCCc1ccccc1
573,,CCCCCCCCCCCCCCc1ccccc1
574,,CCCCCCCCCCCCc1ccccc1
575,,CCc1cc(C)cc(C)c1
576,,CCc1c(C)cccc1C
578,,CCc1ccc(C)cc1C
579,,CCc1ccc(C)c(C)c1
580,,CCc1cccc(C)c1C
581,,CC(C)(c1ccccc1)C(C)(C)c1ccccc1
583,,C/C=C(/C)c1ccccc1
585,,CCCc1ccccc1C
586,,CCCc1cccc(C)c1
587,,CCCc1ccc(C)cc1
588,,c1ccc(CC(c2ccccc2)c2ccccc2)cc1
589,,c1ccc(C(c2ccccc2)(c2ccccc2)c2ccccc2)cc1
590,,c1ccc(C(c2ccccc2)C(c2ccccc2)c2ccccc2)cc1
595,,CCc1cc(C)c(C)cc1C
596,,CCc1ccc(CCc2ccc(CC)cc2)cc1
597,,CC(C)(c1ccccc1)c1ccccc1
601,,C=Cc1ccccc1
602,,C=Cc1ccccc1C
603,,C=Cc1cccc(C)c1
605,,C=Cc1ccccc1CC
606,,C=Cc1cccc(CC)c1
607,,C=Cc1ccc(CC)cc1
612,,C=Cc1ccc(C)cc1
613,,C=C(C)c1ccccc1
614,,C=Cc1cccc(C=C)c1
615,,C#Cc1ccccc1
617,,C=Cc1ccc(C=C)cc1
618,,C/C=C\c1ccccc1
619,,C/C=C/c1ccccc1
621,,C=Cc1ccc(C(C)(C)C)cc1
701,,c1ccc2ccccc2c1
702,,Cc1cccc2ccccc12
703,,Cc1ccc2ccccc2c1
704,,CCc1cccc2ccccc12
706,,c1ccc2c(c1)CCCC2
709,,Cc1ccc2cc(C)ccc2c1
710,,c1ccc(-c2cccc3ccccc23)cc1
711,,CCCCCCCCCc1cccc2ccccc12
712,,CCCCCCCCCCc1cccc2ccccc12
713,,CCCCc1cccc2ccccc12
714,,CCCCCCc1cccc2ccccc12
718,,CCCc1cccc2ccccc12
719,,CCc1ccc2ccccc2c1
725,,CC1=C(C)C(C)c2ccccc21
726,,CC1=CC2CC1C1C(C)=CCC21
728,,C1=CC(c2ccccc2)c2ccccc21
731,,C(=C(c1ccccc1)c1ccccc1)c1ccccc1
732,,c1ccc(C(=C(c2ccccc2)c2ccccc2)c2ccccc2)cc1
735,,C(=C\c1ccccc1)\c1ccccc1
736,,C(=C/c1ccccc1)\c1ccccc1
737,,COc1cc(/C=C/c2ccccc2)cc(OC)c1
738,,c1ccc2c(c1)Cc1ccccc1-2
802,,c1ccc2c(c1)c1ccccc1c1ccccc21
806,,c1ccc2c(c1)ccc1c3ccccc3ccc21
807,,c1cc2ccc3cccc4ccc(c1)c2c34
808,,c1cc2c3c(cccc3c1)CC2
809,,C1=Cc2cccc3cccc1c23
810,,C1C2CC3CC1CC(C2)C3
811,,C=CC1CC2C=CC1C2
812,,C1C2CC3C4CC5CC(C14)C(C2)C3C5
814,,CC12CC3CC(C1)CC(C)(C3)C2
817,,Cc1cccc2ccc3ccccc3c12
820,,c1ccc2c(c1)CCC2
823,,C1=CC2CCC1C2
824,,CC=C1CC2C=CC1C2
826,,c1ccc2cc3c(ccc4ccccc43)cc2c1
827,,c1ccc2cc3cc4ccccc4cc3cc2c1
828,,CCC(C)C1CCCCC1
829,,C=C[C@@]1(C)C=C2CC[C@H]3[C@](C)(C(=O)O)CCC[C@]3(C)[C@H]2CC1
830,,C=C[C@@]1(C)CC[C@H]2C(=CC[C@H]3[C@](C)(C(=O)O)CCC[C@]23C)C1
831,,C1CC2CCC1C2
832,,C1CC2CCC1CC2
833,,C1C2C3CC4CC2C2C5CC6CC(C15)C3C2(C4)C6
834,,C1C2CC3C4CC56CC7CC8C9CC(C2)(C(C14)C85)C3C6C9C7
839,,C=C1C2CCC(C2)C1(C)C
840,,CC1=CCC2CC1C2(C)C
841,,C=C1CCC2CC1C2(C)C
901,,O=O
909,,O=C=O
924,,O=[O+][O-]
1001,,C=O
1002,,CC=O
1003,,CCC=O
1004,,O=CC1CC=CCC1
1005,,CCCC=O
1006,,CC(C)C=O
1007,,CCCCC=O
1008,,CCCCCCC=O
1009,,CCCCCC=O
1010,,CCCCCCCC=O
1011,,CCCCCCCCC=O
1013,,CCCCC(C=O)CC
1014,,O=CC=O
1025,,CCCCCCCCCCCC=O
1031,,CCC(C)C=O
1032,,CC(C)CC=O
1034,,C=CC=O
1036,,C/C=C/C=O
1037,,C=C(C)C=O
1040,,Cc1ccc(C=O)cc1
1042,,O=Cc1ccccc1O
1043,,O=Cc1ccc(O)cc1
1044,,O=Cc1ccc(C=O)cc1
1050,,CC1OC(C)OC(C)O1
1051,,CC(C)=O
1053,,CCC(=O)CC
1054,,CC(=O)CC(C)C
1055,,CCC(C)C(C)=O
1057,,CCCCC(=O)CC
1058,,CCCC(=O)CCC
1059,,CCCC(=O)CC
1060,,CCCC(C)=O
1061,,CC(=O)C(C)C
1062,,CCCCC(C)=O
1063,,CCCCCC(C)=O
1064,,CC(=O)CCC(C)C
1065,,CC(=O)C=C(C)C
1066,,CC(=O)C(C)(C)C
1068,,CC(C)CC(=O)CC(C)C
1073,,CCCCC(=O)CCCC
1074,,CCCCCCCC(C)=O
1076,,CC(=O)CC(C)=O
1077,,CC1=CC(=O)CC(C)(C)C1
1079,,O=C1CCCC1
1080,,O=C1CCCCC1
1083,,CCCCCCC(C)=O
1085,,O=C(c1ccccc1)c1ccccc1
1090,,CC(=O)c1ccccc1
1091,,O=C1CCO1
1092,,O=C1CCCO1
1093,,O=C1CCCCCO1
1094,,CC1CCC(=O)O1
1095,,CCC(=O)C(C)C
1096,,C=C(C)C(C)=O
1097,,O=C1CCCCC1C1CCCCC1
1098,,O=C1C=CC(=O)C=C1
1099,,C=C1CC(=O)O1
1100,,C=C=O
1101,,CO
1102,,CCO
1103,,CCCO
1104,,CC(C)O
1105,,CCCCO
1106,,CC(C)CO
1107,,CCC(C)O
1110,,CCCC(C)O
1111,,CCC(C)(C)O
1113,,CC(C)(C)CO
1114,,CCCCCCO
1115,,CCCCC(C)O
1119,,CCC(C)(O)CC
1120,,CCC(O)CC
1121,,CCCCC(CC)CO
1123,,CC(C)CCO
1125,,CCCCCCCO
1127,,CCCCC(O)CC
1131,,CC(C)(c1ccc(O)cc1)c1ccccc1O
1132,,CCCCCCCCO
1133,,CCCCCCC(C)O
1134,,CCCCCCCCCO
1135,,CCCCCCCC(C)O
1136,,CCCCCCCCCCO
1137,,CCCCCCCCCCCO
1139,,CC(C)CCCCCCCO
1140,,CCCCCCCCCCCCO
1141,,CCCCCCCCCCCCCO
1142,,CCCCCCCCCCCCCCO
1143,,CCCCCCCCCCCCCCCO
1144,,CCCCCCCCCCCCCCCCO
1145,,CCCCCCCCCCCCCCCCCO
1146,,CCCCCCCCCCCCCCCCCCO
1148,,CCCCCCCCCCCCCCCCCCCCO
1149,,CCCCCCCCCCCCCCCCCCCO
1151,,OC1CCCCC1
1152,,CC1(O)CCCCC1
1153,,C[C@H]1CCCC[C@H]1O
1154,,C[C@@H]1CCCC[C@H]1O
1155,,C[C@H]1CCC[C@@H](O)C1
1156,,C[C@@H]1CCC[C@@H](O)C1
1157,,C[C@H]1CC[C@@H](O)CC1
1159,,CC(C)[C@H]1CC[C@H](C)C[C@@H]1O
1160,,CC[C@H](CC[C@H](C)[C@H]1CC[C@H]2[C@@H]3CC=C4C[C@@H](O)CC[C@]4(C)[C@H]3CC[C@@]21C)C(C)C
1161,,C=C1CCC2[C@@](C)(CO)CCC[C@]2(C)[C@H]1CCC(C)=CCO
1162,,CC1=CCC(C(C)(C)O)CC1
1163,,C=C(C)C1CCC(C)(O)CC1
1167,,C=CCO
1168,,CC(C)(O)c1ccccc1
1169,,CCCCCCC(CO)CCCC
1170,,Cc1cccc(O)c1C
1171,,C=C(C)c1ccc(O)cc1
1172,,Cc1ccc(O)c(C)c1
1174,,Cc1ccc(C)c(O)c1
1176,,Cc1cccc(C)c1O
1177,,Cc1ccc(O)cc1C
1178,,Cc1cc(C)cc(O)c1
1179,,C#CCO
1180,,OCc1ccccc1
1185,,CCc1ccccc1O
1186,,Oc1ccc(O)cc1
1187,,CCc1ccc(O)cc1
1197,,CC(C)(C)c1ccc(O)cc1
1198,,CC(C)(c1ccc(O)cc1)c1ccc(O)cc1
1201,,OCCO
1202,,OCCOCCO
1203,,OCCOCCOCCO
1204,,OCCOCCOCCOCCO
1206,,OCC(O)C(O)C(O)CO
1207,,OCC(O)c1ccccc1
1210,,CC1(C)C(O)C(C)(C)C1O
1211,,CC(O)CO
1212,,OCCCO
1213,,CC(O)COCC(C)O
1214,,CC(C)(CO)CO
1215,,OCC#CCO
1216,,CC(O)COCC(C)OCC(C)O
1218,,CCCCC(CC)(CO)CO
1219,,CC(CO)CO
1221,,CC(O)CCO
1222,,CC(O)CC(C)(C)O
1231,,OCC(O)CO
1234,,CC(C)(C)c1cc(O)ccc1O
1235,,CC(C)(C)c1ccc(O)c(O)c1
1236,,CC(C)C(O)C(C)(C)CO
1237,,CCC(O)C(C)CO
1238,,CC(O)C(C)O
1239,,OC/C=C\CO
1240,,OC/C=C/CO
1241,,OCCCCO
1242,,OCCCCCO
1243,,OCCCCCCO
1244,,Oc1ccccc1O
1245,,Oc1cccc(O)c1
1246,,OCC(CO)(CO)CO
1247,,CCC(CO)(CO)CO
1248,,Oc1cccc(O)c1O
1249,,OC1C(O)C(O)C(O)C(O)C1O
1250,,OC[C@H](O)[C@H](O)[C@@H](O)[C@H](O)CO
1251,,O=CO
1252,,CC(=O)O
1253,,CCC(=O)O
1254,,CCCCCCCCCC(=O)O
1255,,O=C(O)C(=O)O
1256,,CCCC(=O)O
1257,,CCC(C)C(=O)O
1258,,CCCCC(=O)O
1259,,CCCCCCCCC(=O)O
1260,,CC(C)C(=O)O
1261,,CC(C)CC(=O)O
1262,,CCCCCC(=O)O
1264,,O=C(O)C1CCC(C(=O)O)CC1
1265,,CCCCCCCC(=O)O
1267,,O=C(O)CC1CCCC1
1268,,CC(OC(C)C(=O)O)C(=O)O
1269,,CCCCCCCCCCCC(=O)O
1273,,C/C=C\C(=O)O
1274,,C/C=C/C(=O)O
1276,,CCCCCCCCCCCCCCCCCC(=O)O
1277,,C=CC(=O)O
1278,,C=C(C)C(=O)O
1279,,CCCCCCCC/C=C\CCCCCCCC(=O)O
1280,,CCCCC/C=C\C/C=C\CCCCCCCC(=O)O
1281,,O=C(O)c1ccccc1
1282,,Cc1ccccc1C(=O)O
1283,,Cc1ccc(C(=O)O)cc1
1284,,O=C(O)c1ccccc1O
1285,,O=C(O)CCCCC(=O)O
1286,,O=C(O)/C=C\C(=O)O
1287,,O=C(O)c1ccccc1C(=O)O
1288,,O=C(O)c1cccc(C(=O)O)c1
1289,,O=C(O)c1ccc(C(=O)O)cc1
1290,,CC(=O)OO
1291,,CC(=O)OC(C)=O
1292,,CCC(=O)OC(=O)CC
1293,,CCCC(=O)OC(=O)CCC
1294,,CC(C)C1=CC2=C(CC1)[C@@]1(C)CC[C@@](C)(C(=O)O)C[C@@H]1CC2
1295,,O=C1CCC(=O)O1
1296,,O=C1CCCC(=O)O1
1297,,O=C1OC(=O)c2ccccc21
1298,,O=C1C=CC(=O)O1
1299,,O=C(O)c1ccc2c(c1)C(=O)OC2=O
1301,,COC=O
1302,,CCOC=O
1303,,CCCOC=O
1304,,CCCCOC=O
1305,,CC(C)COC=O
1306,,CCCCCOC=O
1308,,CCCCCCCCOC=O
1312,,COC(C)=O
1313,,CCOC(C)=O
1314,,CCCOC(C)=O
1315,,CCCCOC(C)=O
1316,,CC(=O)OCC(C)C
1317,,CC(=O)OCCC(C)C
1319,,CC(=O)OC(C)C
1320,,CCC(C)OC(C)=O
1321,,C=COC(C)=O
1322,,CCC(=O)OC
1323,,CCOC(=O)CC
1324,,CCCOC(=O)CC
1326,,CCCCOC(=O)CC
1327,,CCCOC(=O)CCC
1331,,C=COC(=O)CC
1332,,CCCC(=O)OC
1333,,CCCC(=O)OCC
1339,,CCCCCCCC(=O)OCC
1342,,C=CC(=O)OCC
1344,,C=CC(=O)OCCCC
1345,,CCCCCCCCC(=O)OCCCC
1346,,CCCCOC(=O)CCCC
1347,,CCOC(=O)CC(C)C
1351,,C=C(C)C(=O)OC
1354,,CCCCC(CC)COC(=O)c1ccccc1C(=O)OCC(CC)CCCC
1357,,CCCCCOC(C)=O
1358,,CCCCC(CC)COC(C)=O
1359,,CC(=O)OCc1ccccc1
1360,,CC(C)COC(=O)C(C)C
1362,,CCCCCCCC/C=C\CCCCCCCC(=O)OC
1363,,CCCCCCOC(C)=O
1364,,O=C(OCc1ccccc1)c1ccccc1
1365,,CCCCOC(=O)c1ccccc1
1366,,O=C1OCCO1
1367,,CCCCCCCOC(C)=O
1368,,CCCCCCCCOC(C)=O
1369,,CCCCCCCCCOC(C)=O
1370,,CCCCCCCCCCOC(C)=O
1371,,CC(C)CCCCCCCOC(=O)c1ccccc1C(=O)OCCCCCCCC(C)C
1373,,COC(=O)c1ccccc1O
1375,,CCCOC(=O)c1ccccc1C(=O)OCCC
1376,,CC(C)COC(=O)c1ccccc1C(=O)OCC(C)C
1377,,COC(=O)c1cccc(C(=O)OC)c1
1378,,CCCCCCCCCCOC(=O)c1ccccc1C(=O)OCCCCCCCCCC
1379,,CCCCCCCCCCCOC(=O)c1ccccc1C(=O)OCCCCCCCCCCC
1380,,CCCCCCOC(=O)c1ccccc1C(=O)OCCCCCC
1381,,COC(=O)c1ccc(C(=O)OC)cc1
1382,,CCCCCCCCOC(=O)c1ccccc1C(=O)OCCCCCCCC
1383,,CCCCCCCCCCCCCCCCCC(=O)OCCCC
1384,,CCCCOC(=O)CCCCCCCCC(=O)OCCCC
1385,,CCCCOC(=O)CCC
1386,,C=CC(=O)OCC(CC)CCCC
1387,,CC(=O)OCCOC(C)=O
1389,,C=C(C)C(=O)OCCCC
1390,,COC(=O)c1ccccc1
1391,,CCOC(=O)c1ccccc1
1392,,CCOC(=O)OCC
1393,,CCOC(=O)C(=O)OCC
1394,,CCOC(=O)CC(=O)OCC
1395,,CCCCCCCCCC(=O)OC
1397,,COC(=O)C1CCC(C(=O)OC)CC1
1400,,CC1CCCO1
1401,,COC
1402,,CCOCC
1403,,CC(C)OC(C)C
1404,,CCCCOCCCC
1405,,COC(C)(C)C
1406,,CCC(C)OC(C)CC
1412,,CCCCCCOCCCCCC
1414,,C=COC=C
1419,,c1ccc2c(c1)COC2
1420,,CC=Cc1ccc(OC)cc1
1421,,C1COCCO1
1422,,C1OCOCO1
1423,,CC(C)(C)OC(C)(C)C
1424,,CCCCCCCCOCCCCCCCC
1425,,CCCCCOCCCCC
1428,,CCOC(C)(C)C
1431,,COCOC
1432,,CCOC(C)OCC
1435,,c1ccc(OCC2CO2)cc1
1436,,CCOC(OCC)OCC
1437,,COO
1438,,CCOO
1441,,C1CO1
1442,,CC1CO1
1443,,C1COC1
1445,,C=COCC
1446,,CCCOCCC
1447,,C=COCCCC
1448,,CCCCOCC
1449,,CC(OC(C)c1ccccc1)c1ccccc1
1452,,C1CCOCC1
1454,,COCCOCCOCCOC
1455,,COCCOC
1456,,COCCOCCOC
1457,,COCCOCCOCCOCCOC
1458,,CCOCCOCCOCC
1459,,CCCCOCCOCCOCCCC
1460,,CCOCc1ccccc1
1461,,COc1ccccc1
1462,,CCOc1ccccc1
1463,,c1ccc(COCc2ccccc2)cc1
1468,,COC(C)OC
1470,,C=COC
1471,,CCC1CO1
1472,,CC(C)(OO)c1ccccc1
1473,,CC(C)(C)OO
1474,,OOC1CCCCC1
1475,,CC(C)(OOC(C)(C)c1ccccc1)c1ccccc1
1478,,c1ccoc1
1479,,C1CCOC1
1481,,O=C(OOC(=O)c1ccccc1)c1ccccc1
1482,,CC(C)(C)OOC(C)(C)C
1875,,COc1ccc(CC(=O)O)cc1
1887,,O=C(O)CO
1889,,O=Cc1ccco1
1890,,CC(C)(O)C(=O)O
1895,,CC(=O)OC1CC(C)OC(C)O1
1921,,O
1991,,[C]
1996,,OO
2081,,CCCCCCCCCCCCCCCCCCCCCCCCCCCCCC
2082,,CCCCCCCCCCCCCCCCCCCCCCCCCCCCCCCC
2083,,CCCCCC(=O)CC
2084,,CCCCC(=O)CCC
2085,,CCCCCCC(=O)CC
2086,,CCCCCCCCCCCCCCCCCCCCCCCCCCCCCCCCCCCC
2088,,O=C1C=CCCC1
2089,,CC(C)CC(=O)CC(C)CC(C)C
2097,,CCCC(C)CCC(C)C
2099,,CC(C)CCCCC(C)C
2112,,CCc1cccc(O)c1
2113,,Cc1cc(C(C)(C)C)c(O)c(C(C)(C)C)c1
2115,,OCCc1ccccc1
2117,,CC(C)CC(O)CC(C)C
2121,,OCCCc1ccccc1
2180,,CC(C)CCC[C@@H](C)[C@H]1CC[C@H]2[C@@H]3CC=C4C[C@@H](O)CC[C@]4(C)[C@H]3CC[C@@]21C
2181,,C[C@@H](O)c1ccccc1
2182,,Cc1ccc(CO)cc1
2183,,Cc1ccccc1CO
2195,,CC(C)(C)CC(C)(C)c1ccc(O)cc1
2196,,CCC(C)(C)c1ccc(O)cc1
2197,,CC(C)(c1ccccc1)c1ccc(O)cc1
2219,,CC(O)CC(C)O
2226,,C/C=C(\C)CC
2248,,OCCCCCCCCCCO
2249,,OCC1CCC(CO)CC1
2250,,CC(C)=C1C=C2CC[C@H]3[C@](C)(C(=O)O)CCC[C@]3(C)[C@H]2CC1
2251,,C=C(C)CCCCCC
2252,,C=C(C)CCCCC
2253,,O=C(O)c1ccc(C(=O)O)c(C(=O)O)c1
2254,,CC(O)C(=O)OC(C)C(=O)OC(C)C(=O)O
2255,,CCC=CCC=CCC=CCCCCCCCC(=O)O
2256,,CC(C)C1=CC2=CC[C@H]3[C@](C)(C(=O)O)CCC[C@]3(C)[C@H]2CC1
2257,,O=C(O)CCCCCCCC(=O)O
2258,,CC(C)(C)C(=O)O
2260,,CCCCC(CC)C(=O)O
2262,,CCC(C)(C)C(=O)O
2264,,CC(C)c1ccc2c(c1)CCC1[C@]2(C)CCC[C@@]1(C)C(=O)O
2268,,O=C(O)/C=C/C(=O)O
2269,,O=C(O)CCCCCC(=O)O
2270,,O=C(O)CCCCCCC(=O)O
2271,,O=C(O)/C=C/c1ccccc1
2274,,CC(=O)OCC(=O)O
2275,,O=C(O)CCCCCCCCC(=O)O
2277,,C/C(=C/C(=O)O)C(=O)O
2278,,C=C(CC(=O)O)C(=O)O
2279,,CCC(CC)C(=O)O
2280,,O=C(O)CCC(=O)O
2281,,O=C(O)CCCC(=O)O
2282,,O=C(O)c1cc(C(=O)O)c(C(=O)O)cc1C(=O)O
2283,,CC(C)Cc1ccc(C(C)C(=O)O)cc1
2289,,O=C(O)c1ccc2cc(C(=O)O)ccc2c1
2298,,CC1=CC(=O)OC1=O
2307,,CCCCCCOC=O
2308,,CCCCCCCOC=O
2332,,COC(=O)C(C)C
2337,,CCOC(=O)C(C)C
2353,,C=C(C)C(=O)OCCCCCCCCCCCCCCCC
2355,,COC(=O)c1ccc2cc(C(=O)OC)ccc2c1
2367,,CC1COC(=O)O1
2370,,CC(=O)OCC(COC(C)=O)OC(C)=O
2375,,CCOC(=O)c1ccccc1C(=O)OCC
2376,,CCCCOC(=O)c1ccccc1C(=O)OCCCC
2377,,COC(=O)c1ccccc1C(=O)OC
2378,,CCOC(=O)CCC(=O)OCC
2379,,CCCCCCOC(=O)CCCCC(=O)OCCCCCC
2380,,CC(=O)OC(C)OC(C)=O
2381,,C=CCOC(=O)/C=C\C(=O)OCC=C
2382,,CCCCOC(=O)/C=C\C(=O)OCCCC
2384,,C=CC(=O)OCC(C)C
2385,,CCCCCCCCCCCC(=O)OC
2386,,CCOC(=O)/C=C\C(=O)OCC
2387,,COC(=O)/C=C\C(=O)OC
2389,,C=CC(=O)OC(C)CC
2390,,C=COC(=O)C(C)(C)C
2391,,COC(=O)OC
2392,,CCCOC(=O)c1ccccc1
2414,,C#CCCCCC
2422,,C1COCOC1
2432,,CCOCOCC
2456,,CCOCCOCC
2575,,CCCCCCCCCCCCCCCc1ccccc1
2576,,CCCCCCCCCCCCCCCCc1ccccc1
2577,,CCCCCCCCCCCCCCCCCc1ccccc1
2578,,CCCCCCCCCCCCCCCCCCc1ccccc1
2854,,CC(=O)CC(C)(C)O
2855,,OCc1ccco1
2859,,COc1ccc(O)cc1
2860,,COCCO
2861,,CCOCCO
2862,,CCCCOCCO
2863,,COCCOCCO
2864,,CCOCCOCCO
2869,,COCCOCCOCCO
2871,,O=Cc1ccc(C(=O)O)cc1
2873,,C=C(C)C(=O)OCCO
2874,,C=C(C)C(=O)OCCOC(=O)CC(C)=O
2875,,COC(=O)C(C)O
2877,,CC(C)(O)CC(=O)CC(C)(C)O
2880,,O=Cc1ccccc1C(=O)O
2883,,CC(=O)c1ccccc1O
2884,,CC(=O)c1ccc(O)cc1
2885,,C=Cc1ccc(O)cc1
2886,,CC(=O)Oc1ccccc1C(=O)O
2888,,CC(C)C(=O)OCC(C)(C)C(O)C(C)C
2889,,CC(=O)CO
3052,,CCCCCC(=O)CCCCC
3053,,CC(=O)C(C)=O
3054,,CC(C)=C=O
3056,,O=C1CCCCC1C1=CCCCC1
3107,,Cc1ccc(C(C)C)c(O)c1
3108,,Cc1cc(O)cc(C(C)C)c1
3109,,Cc1cc(O)ccc1C(C)C
3111,,CCCCCCCCCCCCCCCCCCCCCCO
3240,,CC1(O)CCC(C(C)(C)O)CC1
3252,,CC(=O)CC(=O)O
3253,,Cc1cccc(C(=O)O)c1
3254,,O=C(O)C1CCC2CCCC21
3255,,O=C(O)CCCCCCCCCCC(=O)O
3256,,O=C(O)CCCCCCCCCCCCC(=O)O
3258,,C=C(C)CCCCCCC
3264,,O=C(O)C1CC1
3266,,CCCCCCCC/C=C\CCCCCCCCCCCC(=O)O
3268,,O=C(O)CC(=O)O
3281,,O=C(O)c1ccc(CO)cc1
3292,,CC(C)C(=O)OC(=O)C(C)C
3301,,CC(C)C(=O)OCC(C)(C)C(OC(=O)C(C)C)C(C)C
3304,,CCOC(=O)C(C)(C)C
3306,,O=C1OCc2ccccc21
3308,,C=CCOC(=O)c1ccccc1C(=O)OCC=C
3309,,CCCCCCCCCCCCCCCCCC(=O)OC
3310,,CCCCCCCCCCCCCC(=O)OC
3311,,CCCCCCCCCCCCCCCC(=O)OC
3312,,CCOC(=O)Cc1ccccc1
3313,,CCCCCCCCCCCCCCCCCCCC(=O)OC
3314,,CCCCC/C=C\C/C=C\CCCCCCCC(=O)OC
3316,,CC/C=C\C/C=C\C/C=C\CCCCCCCC(=O)OC
3317,,CCCCCOC(=O)CCC
3319,,C=CC(OC(C)=O)OC(C)=O
3320,,CCCCCCCCCCCCCCCC(=O)OCC
3321,,CCCCCCCCC=CCCCCCCCC(=O)OCC
3322,,CCCCCCCCCCCCCCCCCC(=O)OCC
3323,,CCCCCCCCCCCCCCCC(=O)OCC(COC(=O)CCCCCCCCCCCCCCC)OC(=O)CCCCCCCCCCCCCCC
3324,,CCCCCCCCCCCCCCCCCC(=O)OCC(COC(=O)CCCCCCCCCCCCCCCCC)OC(=O)CCCCCCCCCCCCCCCCC
3325,,CCCCCCCC(=O)OC
3326,,CCCCCCCC/C=C\CCCCCCCCCCCC(=O)OC
3327,,CCCCCCCCCCCCCCCC(=O)OC(C)C
3328,,CCCCCCCCCC(=O)OCC
3329,,CCCCCCCCCCCC(=O)OCC
3330,,CCCCCCCCCCCCCC(=O)OCC
3331,,CC/C=C\C/C=C\C/C=C\CCCCCCCC(=O)OCC
3332,,CCCCC/C=C\C/C=C\CCCCCCCC(=O)OCC
3334,,CCCCCCCC(=O)OCC(COC(=O)CCCCCCC)OC(=O)CCCCCCC
3335,,CCCCCCCCCC(=O)OCC(COC(=O)CCCCCCCCC)OC(=O)CCCCCCCCC
3336,,CCCCCCCCCCCC(=O)OCC(COC(=O)CCCCCCCCCCC)OC(=O)CCCCCCCCCCC
3337,,CCCCCCCCCCCCCC(=O)OCC(COC(=O)CCCCCCCCCCCCC)OC(=O)CCCCCCCCCCCCC
3338,,CCCCC/C=C\CC=CCCCCCCCC(=O)OCC(COC(=O)CCCCCCCC=CC/C=C\CCCCC)OC(=O)CCCCCCC/C=C\C/C=C\CCCCC
3340,,CC/C=C\C/C=C\C/C=C\CCCCCCCC(=O)OCC(COC(=O)CCCCCCC/C=C\C/C=C\C/C=C\CC)OC(=O)CCCCCCC/C=C\C/C=C\C/C=C\CC
3341,,CCCCCCCC/C=C\CCCCCCCCCCCC(=O)OCC(COC(=O)CCCCCCCCCCC/C=C\CCCCCCCC)OC(=O)CCCCCCCCCCC/C=C\CCCCCCCC
3343,,CCCCC(CC)COC(=O)c1ccccc1
3344,,CCCCOC(=O)c1ccc(C(=O)OCCCC)cc1
3377,,COC(=O)CCC(=O)OC
3378,,CCCCCCCCOC(=O)CCCCC(=O)OCCCCCCCC
3379,,CCCCC(CC)COC(=O)CCCCC(=O)OCC(CC)CCCC
3390,,COC(=O)c1ccc(C(=O)OC)c(C(=O)OC)c1
3394,,COC(=O)CC(=O)OC
3545,,CCc1cc(CC)cc(CC)c1
3710,,CCc1ccc2cc(CC)ccc2c1
3714,,CCCCCc1cccc2ccccc12
3854,,COCC(C)O
3855,,COC(C)COC(C)CO
3857,,COC(C)COC(C)COC(C)CO
3859,,CCCOCCOCCO
3861,,CCCCOCCOCCOCCO
3862,,CCOCCOCCOCCO
3864,,OCC1CO1
3865,,CCCCCCOCCO
3866,,CCCCCCOCCOCCO
3867,,CCCCCCCC/C=C\CCCCCCCC(=O)OCC(O)CO
3868,,CCCOCC(C)OCC(C)O
3869,,CCCOCC(C)O
3870,,CCCCOCCOCCOC(C)=O
3877,,CCCCCCCC/C=C\CCCCCCCC(=O)OCC(O)COC(=O)CCCCCCC/C=C\CCCCCCCC
3878,,CCCCCCCC/C=C\CCCCCCCC(=O)OCC(COC(=O)CCCCCCC/C=C\CCCCCCCC)OC(=O)CCCCCCC/C=C\CCCCCCCC
3881,,OC[C@H]1O[C@H](O[C@]2(CO)O[C@H](CO)[C@@H](O)[C@@H]2O)[C@H](O)[C@@H](O)[C@@H]1O
3894,,CCOCC(C)O
3897,,COC(=O)CO
3899,,C=C(C)C(=O)OC(C)(C)C
4849,,COc1cc(C(C)=O)ccc1O
4850,,COc1cc(C=O)ccc1O
4851,,O=C(O)COCC(=O)O
4852,,CC(=O)CCC(=O)O
4853,,O=C(O)CC(O)C(=O)O
4854,,COc1ccccc1O
4855,,CCCOCCO
4857,,CCCCOCCOCCO
4875,,COCC(=O)O
4881,,OC[C@H]1O[C@H](O)[C@H](O)[C@@H](O)[C@@H]1O
5848,,CC(=O)C(=O)O
5877,,O=C1OC([C@H](O)CO)C(O)=C1O
5878,,O=C(O)CCCCCO
5879,,O=C(O)CC(O)(CC(=O)O)C(=O)O
5880,,CC(O)C(=O)O
5881,,O=C(O)[C@@H](O)[C@H](O)C(=O)O
5882,,CCCCC(O)C(=O)O
5883,,CCOC(=O)C(C)O
5884,,CCOCCOC(C)=O
5885,,CCOCCOCCOC(C)=O
5886,,COC(=O)CC(C)=O
5887,,CCOC(=O)CC(C)=O
5893,,O=C(OCC(O)CO)c1ccc(C(=O)OCC(O)CO)cc1
6870,,CCCCOCCOC(C)=O
6872,,CCOc1cc(C=O)ccc1O
6883,,C=CC(=O)OCCO
6886,,O=C(OCCO)c1ccc(C(=O)OCCO)cc1
7850,,C=CC(=O)OCC(C)O
7853,,C=C(C)OC(C)=O
7858,,COCC(C)=O
7859,,CC1OC(=O)C(C)OC1=O
7860,,CC[C@H](/C=C/[C@@H](C)[C@H]1CC[C@@H]2[C@H]3CC=C4C[C@H](O)CC[C@@]4(C)[C@H]3CC[C@]12C)C(C)C
7862,,COC(=O)c1ccc(C=O)cc1
7863,,CC(C)(CO)COC(=O)C(C)(C)CO
7865,,COC(=O)c1ccc(C)cc1
7871,,CCCCOCC(C)O
7872,,CCCCOCC(C)OCC(C)O
7874,,CCCCC(CC)C(=O)OCCOCCOCCOC(=O)C(CC)CCCC
7878,,CC(=O)CC(=O)OC(C)(C)C
7880,,CCCCCCOCCOCCOCCO
7891,,COC(=O)c1ccc(C(=O)O)cc1
7894,,CC(=O)OCC1OC(OC2(COC(=O)C(C)C)OC(COC(C)=O)C(OC(=O)C(C)C)C2OC(=O)C(C)C)C(OC(=O)C(C)C)C(OC(=O)C(C)C)C1OC(=O)C(C)C
9851,,CC(=O)C(C)O
9870,,OC[C@H]1O[C@@H](O)[C@H](O)[C@@H](O)[C@@H]1O[C@@H]1O[C@H](CO)[C@H](O)[C@H](O)[C@H]1O
9875,,COc1cccc(OC)c1O
9876,,O=C(O)c1ccc(C(=O)O)o1
9878,,O=C1C[C@H](O)CO1
9883,,COc1cc(C(=O)O)ccc1O
9884,,O=C(O)c1ccc(C(=O)OCCO)cc1
9886,,COC(=O)c1ccc(C(=O)OCCO)cc1